team,targeted_productivity,smv,wip,over_time,incentive,idle_time,idle_men,no_of_style_change,no_of_workers,month,quarter_Quarter1,quarter_Quarter2,quarter_Quarter3,quarter_Quarter4,quarter_Quarter5,department_finishing,department_finishing ,department_sweing,day_Monday,day_Saturday,day_Sunday,day_Thursday,day_Tuesday,day_Wednesday,actual_productivity
9,0.75,3.94,,960,0,0.0,0,0,8.0,2,1,0,0,0,0,1,0,0,0,0,0,0,0,1,0.755166667
7,0.65,30.1,909.0,7080,0,0.0,0,1,59.0,2,0,1,0,0,0,0,0,1,0,0,0,1,0,0,0.5356779660000001
3,0.8,4.15,,1440,0,0.0,0,0,7.0,1,0,1,0,0,0,0,1,0,0,0,0,0,0,1,0.8208333329999999
1,0.65,22.53,762.0,5040,0,0.0,0,1,42.0,2,0,0,0,1,0,0,0,1,0,0,0,0,0,1,0.581130952
4,0.7,30.1,767.0,3300,50,0.0,0,1,57.0,2,0,1,0,0,0,0,0,1,1,0,0,0,0,0,0.7900032359999999
3,0.75,4.15,,1920,0,0.0,0,0,8.0,1,1,0,0,0,0,0,1,0,1,0,0,0,0,0,0.875390625
3,0.8,19.87,924.0,9900,50,0.0,0,0,55.0,1,1,0,0,0,0,0,0,1,0,0,0,0,0,1,0.8002738290000001
6,0.7,2.9,,960,0,0.0,0,0,8.0,2,1,0,0,0,0,1,0,0,0,0,0,1,0,0,0.9425
9,0.8,22.52,1086.0,6960,50,0.0,0,0,58.0,2,1,0,0,0,0,0,0,1,0,0,0,0,0,1,0.7999632179999999
12,0.8,15.26,900.0,4080,50,0.0,0,0,34.0,2,0,1,0,0,0,0,0,1,0,0,0,0,1,0,0.8004019609999999
3,0.8,4.6,,6300,0,0.0,0,0,15.0,2,0,0,0,1,0,1,0,0,0,1,0,0,0,0,0.921703704
8,0.75,29.4,534.0,6840,56,0.0,0,0,57.0,3,1,0,0,0,0,0,0,1,0,0,0,0,1,0,0.750473684
7,0.35,22.94,1450.0,10080,30,0.0,0,0,56.0,1,0,0,1,0,0,0,0,1,0,0,0,0,1,0,0.40033279200000005
12,0.8,15.26,854.0,4080,50,0.0,0,0,34.0,2,0,1,0,0,0,0,0,1,0,0,0,0,0,1,0.8004019609999999
9,0.8,29.12,1069.0,6960,50,0.0,0,0,58.0,2,1,0,0,0,0,0,0,1,0,0,0,1,0,0,0.7999632179999999
8,0.8,2.9,,4800,0,0.0,0,0,8.0,1,0,0,0,1,0,0,1,0,0,0,0,1,0,0,0.39774305600000004
12,0.8,15.26,1021.0,4080,63,0.0,0,0,34.0,2,1,0,0,0,0,0,0,1,0,1,0,0,0,0,0.8004019609999999
8,0.8,2.9,,1440,0,0.0,0,0,8.0,1,1,0,0,0,0,0,1,0,0,0,0,0,1,0,0.681060606
4,0.7,30.1,667.0,5940,40,0.0,0,1,59.5,2,0,1,0,0,0,0,0,1,0,0,0,0,0,1,0.7005884059999999
2,0.65,16.1,626.0,4200,0,0.0,0,1,45.0,3,1,0,0,0,0,0,0,1,0,1,0,0,0,0,0.65024031
11,0.8,11.41,968.0,3660,50,0.0,0,0,30.5,1,1,0,0,0,0,0,0,1,0,0,0,1,0,0,0.8005704920000001
7,0.7,4.15,,1800,0,0.0,0,0,15.0,2,0,0,1,0,0,1,0,0,1,0,0,0,0,0,0.258
4,0.8,22.52,1472.0,7020,60,0.0,0,0,58.5,2,1,0,0,0,0,0,0,1,0,0,1,0,0,0,0.85011396
5,0.7,4.15,,1440,0,0.0,0,0,8.0,1,0,0,1,0,0,0,1,0,0,0,0,0,1,0,1.033570076
6,0.8,11.61,1009.0,5640,63,0.0,0,0,32.0,1,0,0,0,1,0,0,0,1,0,1,0,0,0,0,0.800537143
1,0.8,22.52,1498.0,0,113,0.0,0,0,57.0,2,0,1,0,0,0,0,0,1,0,0,0,0,0,1,1.000065789
8,0.8,2.9,,1440,0,0.0,0,0,8.0,1,0,0,1,0,0,0,1,0,0,0,0,1,0,0,0.606912879
3,0.8,29.4,983.0,6840,63,0.0,0,1,57.0,3,1,0,0,0,0,0,0,1,0,1,0,0,0,0,0.800578947
10,0.8,22.52,1282.0,6720,75,0.0,0,0,56.0,2,1,0,0,0,0,0,0,1,0,0,1,0,0,0,0.850532143
6,0.8,11.61,972.0,5670,38,0.0,0,0,31.5,1,0,1,0,0,0,0,0,1,0,0,0,0,0,1,0.8002467529999999
10,0.7,2.9,,1800,0,0.0,0,0,15.0,2,0,0,0,1,0,1,0,0,0,0,0,0,1,0,0.902222222
12,0.8,26.87,585.0,5670,56,0.0,0,0,31.5,1,0,0,1,0,0,0,0,1,0,0,1,0,0,0,0.662255892
10,0.75,28.08,1209.0,10530,45,0.0,0,0,58.5,1,1,0,0,0,0,0,0,1,0,0,0,0,1,0,0.750545455
6,0.8,11.61,712.0,7200,50,0.0,0,0,32.0,1,1,0,0,0,0,0,0,1,1,0,0,0,0,0,0.8002460109999999
3,0.5,5.13,,1800,0,0.0,0,0,15.0,2,0,0,1,0,0,1,0,0,0,0,0,0,1,0,0.7866
10,0.7,21.25,1834.0,6360,0,0.0,0,1,53.0,2,0,0,0,1,0,0,0,1,0,0,0,0,1,0,0.471108491
7,0.65,30.48,935.0,6840,26,0.0,0,1,57.0,3,0,1,0,0,0,0,0,1,0,0,0,0,0,1,0.650596491
9,0.8,26.16,1128.0,10620,63,0.0,0,0,59.0,1,0,0,1,0,0,0,0,1,0,1,0,0,0,0,0.8001171029999999
10,0.8,3.94,,1440,0,0.0,0,0,8.0,1,0,1,0,0,0,0,1,0,0,1,0,0,0,0,0.846950758
7,0.7,5.13,,960,0,0.0,0,0,8.0,2,0,0,1,0,0,1,0,0,0,0,0,0,0,1,0.671875
3,0.8,29.4,1231.0,4680,50,0.0,0,0,57.0,3,1,0,0,0,0,0,0,1,1,0,0,0,0,0,0.800149813
9,0.75,2.9,,960,0,0.0,0,0,8.0,2,0,0,0,1,0,1,0,0,0,0,0,1,0,0,0.4078125
1,0.8,3.94,,1440,0,0.0,0,0,12.0,2,0,1,0,0,0,1,0,0,0,0,0,1,0,0,0.664875
2,0.75,22.52,1635.0,6840,119,0.0,0,0,57.0,1,0,0,0,1,0,0,0,1,0,0,0,0,1,0,1.000230409
6,0.8,2.9,,960,0,0.0,0,0,8.0,2,0,1,0,0,0,1,0,0,0,1,0,0,0,0,0.483333333
9,0.8,3.94,,1440,0,0.0,0,0,8.0,1,0,1,0,0,0,0,1,0,1,0,0,0,0,0,0.8581439390000001
12,0.8,11.61,1039.0,5670,63,0.0,0,0,31.5,1,0,0,1,0,0,0,0,1,0,1,0,0,0,0,0.8002467529999999
12,0.8,4.6,,0,1080,0.0,0,0,9.0,3,0,1,0,0,0,1,0,0,1,0,0,0,0,0,0.902962963
1,0.75,3.94,,960,0,0.0,0,0,8.0,1,1,0,0,0,0,0,1,0,0,0,0,1,0,0,0.8865
2,0.8,3.94,,960,0,0.0,0,0,8.0,2,0,0,1,0,0,1,0,0,0,0,1,0,0,0,1.108125
11,0.5,20.1,1413.0,5880,46,0.0,0,0,54.0,1,0,0,0,1,0,0,0,1,0,0,0,0,0,1,0.5005673079999999
4,0.75,3.94,,1920,0,0.0,0,0,8.0,3,0,1,0,0,0,1,0,0,0,0,0,0,0,1,0.8133090279999999
8,0.7,29.4,847.0,6960,30,0.0,0,1,58.0,2,0,0,0,1,0,0,0,1,0,0,0,0,0,1,0.7003620690000001
3,0.8,4.15,,1620,0,0.0,0,0,9.0,1,0,1,0,0,0,0,1,0,0,0,0,0,1,0,0.901262626
6,0.7,2.9,,960,0,0.0,0,0,8.0,2,1,0,0,0,0,1,0,0,0,0,0,0,0,1,0.531666667
6,0.8,2.9,,1440,0,0.0,0,0,8.0,1,0,1,0,0,0,0,1,0,1,0,0,0,0,0,0.8174242420000001
4,0.75,30.1,849.0,7020,45,0.0,0,1,58.0,2,0,0,1,0,0,0,0,1,0,0,0,0,1,0,0.750356125
9,0.75,2.9,,1800,0,0.0,0,0,15.0,3,0,1,0,0,0,1,0,0,0,0,0,0,1,0,0.821666667
8,0.8,25.9,1292.0,10170,50,0.0,0,0,56.5,1,0,0,1,0,0,0,0,1,0,1,0,0,0,0,0.800128721
5,0.7,27.48,230.0,6960,40,0.0,0,0,58.0,3,1,0,0,0,0,0,0,1,0,0,0,1,0,0,0.7004241379999999
6,0.8,11.41,986.0,5490,50,0.0,0,0,30.5,1,1,0,0,0,0,0,0,1,0,0,0,0,0,1,0.8003437659999999
5,0.7,4.15,,9000,0,0.0,0,0,15.0,1,0,0,0,1,0,0,1,0,0,0,0,1,0,0,0.742901235
9,0.7,29.12,1143.0,10440,40,0.0,0,0,58.0,1,0,0,0,1,0,0,0,1,1,0,0,0,0,0,0.70061442
1,0.8,26.16,1179.0,10620,75,0.0,0,0,59.0,1,1,0,0,0,0,0,0,1,0,0,0,0,0,1,0.850502311
9,0.7,29.12,1294.0,6960,50,0.0,0,0,58.0,1,0,0,0,1,0,0,0,1,0,0,0,0,1,0,0.700386207
7,0.8,25.9,1066.0,10170,50,0.0,0,0,56.5,1,1,0,0,0,0,0,0,1,0,0,0,0,0,1,0.800128721
2,0.8,22.52,1413.0,360,70,0.0,0,0,57.0,2,0,1,0,0,0,0,0,1,1,0,0,0,0,0,0.900477825
11,0.8,2.9,,960,0,0.0,0,0,8.0,3,1,0,0,0,0,1,0,0,0,1,0,0,0,0,0.657083333
7,0.8,25.9,1031.0,10170,60,0.0,0,0,56.5,1,0,1,0,0,0,0,0,1,1,0,0,0,0,0,0.850136766
4,0.75,26.82,1054.0,7080,45,0.0,0,0,59.0,3,0,1,0,0,0,0,0,1,0,0,0,0,0,1,0.750050847
7,0.8,25.9,1281.0,10170,60,0.0,0,0,56.5,1,0,0,1,0,0,0,0,1,0,0,0,1,0,0,0.850136766
7,0.7,4.15,,1800,0,0.0,0,0,15.0,2,0,1,0,0,0,1,0,0,0,1,0,0,0,0,0.929277778
9,0.7,18.79,1641.0,6000,40,0.0,0,1,50.0,2,0,0,0,1,0,0,0,1,1,0,0,0,0,0,0.60128
7,0.6,3.94,,960,0,0.0,0,0,8.0,1,0,0,0,1,0,0,1,0,0,0,0,0,0,1,0.40635416700000004
1,0.8,3.94,,1440,0,0.0,0,0,12.0,2,0,1,0,0,0,1,0,0,0,0,0,0,0,1,0.618361111
8,0.8,26.16,1261.0,7080,50,0.0,0,0,59.0,1,1,0,0,0,0,0,0,1,0,1,0,0,0,0,0.8003186440000001
9,0.75,18.79,1226.0,3480,45,0.0,0,0,51.0,3,1,0,0,0,0,0,0,1,0,1,0,0,0,0,0.749987124
11,0.8,3.94,,2400,0,0.0,0,0,10.0,1,1,0,0,0,0,0,1,0,1,0,0,0,0,0,0.9395138890000001
3,0.8,22.52,1350.0,6840,113,0.0,0,0,57.0,1,0,0,0,1,0,0,0,1,0,0,0,0,0,1,1.000230409
3,0.6,22.52,1140.0,10170,30,0.0,0,0,56.5,1,0,0,1,0,0,0,0,1,0,1,0,0,0,0,0.600291767
2,0.7,3.9,,960,0,0.0,0,0,8.0,2,0,0,0,1,0,1,0,0,0,0,0,0,0,1,0.440375
12,0.8,15.26,1062.0,4080,50,0.0,0,0,34.0,2,0,0,0,1,0,0,0,1,0,0,0,0,1,0,0.8004019609999999
3,0.5,30.1,1261.0,6960,30,0.0,0,1,58.0,2,0,1,0,0,0,0,0,1,0,1,0,0,0,0,0.500801724
4,0.7,26.82,1195.0,6960,60,0.0,0,0,58.0,3,1,0,0,0,0,0,0,1,0,1,0,0,0,0,0.800746552
1,0.7,3.94,,960,0,0.0,0,0,8.0,3,1,0,0,0,0,1,0,0,0,0,0,1,0,0,0.812625
11,0.8,2.9,,960,0,0.0,0,0,8.0,3,0,1,0,0,0,1,0,0,0,0,1,0,0,0,0.755208333
12,0.8,11.61,1216.0,6975,50,0.0,0,0,31.0,1,1,0,0,0,0,0,0,1,0,0,1,0,0,0,0.800030199
1,0.8,22.52,1546.0,0,88,0.0,0,0,57.0,2,0,1,0,0,0,0,0,1,0,0,0,0,1,0,0.90047076
2,0.75,3.94,,960,0,0.0,0,0,8.0,1,1,0,0,0,0,0,1,0,0,0,0,1,0,0,0.755166667
12,0.8,15.26,970.0,4080,63,0.0,0,0,34.0,2,0,1,0,0,0,0,0,1,1,0,0,0,0,0,0.8004019609999999
6,0.7,2.9,,960,0,0.0,0,0,8.0,2,1,0,0,0,0,0,1,0,0,0,0,0,1,0,0.49541666700000003
1,0.65,3.94,,2400,0,0.0,0,0,8.0,1,0,0,1,0,0,0,1,0,0,0,0,0,0,1,0.505128205
6,0.75,18.79,759.0,3960,34,0.0,0,0,33.0,2,0,0,1,0,0,0,0,1,0,0,0,0,0,1,0.75065101
3,0.7,22.52,1095.0,10170,50,0.0,0,0,56.5,1,0,0,1,0,0,0,0,1,1,0,0,0,0,0,0.750062751
11,0.75,11.61,698.0,3360,34,0.0,0,2,57.0,2,0,0,0,1,0,0,0,1,0,0,0,0,1,0,0.7504372690000001
4,0.8,3.94,,4440,0,0.0,0,0,18.0,1,1,0,0,0,0,0,1,0,0,0,0,0,1,0,0.966781346
10,0.75,21.82,1499.0,6000,34,0.0,0,0,50.0,3,0,1,0,0,0,0,0,1,0,0,0,0,1,0,0.7506079999999999
12,0.75,4.08,,1080,0,0.0,0,0,9.0,1,0,0,0,1,0,0,1,0,0,0,0,0,0,1,0.7555555559999999
2,0.6,15.28,529.0,1320,0,0.0,0,1,46.0,3,1,0,0,0,0,0,0,1,0,0,0,1,0,0,0.600099145
9,0.8,3.94,,960,0,0.0,0,0,8.0,2,0,1,0,0,0,1,0,0,0,0,1,0,0,0,0.6074166670000001
1,0.8,3.94,,960,0,0.0,0,0,8.0,1,1,0,0,0,0,0,1,0,0,0,1,0,0,0,0.915229167
3,0.75,3.94,,1440,0,0.0,0,0,12.0,1,0,0,0,1,0,0,1,0,0,0,0,0,1,0,0.861875
8,0.8,2.9,,1440,0,0.0,0,0,8.0,1,0,1,0,0,0,0,1,0,0,0,0,1,0,0,0.735984848
2,0.7,30.33,361.0,3960,30,0.0,0,1,58.0,2,0,0,0,1,0,0,0,1,0,0,0,0,0,1,0.700069811
2,0.8,3.94,,2160,0,0.0,0,0,18.0,2,0,1,0,0,0,1,0,0,0,0,1,0,0,0,0.8755555559999999
6,0.75,18.79,913.0,3360,45,0.0,0,0,33.0,2,0,0,0,1,0,0,0,1,0,0,0,0,1,0,0.75065101
12,0.8,11.41,968.0,3660,50,0.0,0,0,30.5,1,1,0,0,0,0,0,0,1,0,0,0,1,0,0,0.8005704920000001
3,0.8,22.52,21266.0,6840,70,0.0,0,0,57.0,2,1,0,0,0,0,0,0,1,1,0,0,0,0,0,0.90014152
6,0.5,2.9,,1200,0,0.0,0,0,10.0,1,0,0,0,0,1,0,1,0,0,0,0,1,0,0,0.899
12,0.7,15.26,1337.0,6120,40,0.0,0,0,34.0,1,0,0,0,1,0,0,0,1,1,0,0,0,0,0,0.70043672
5,0.75,20.4,1118.0,10320,56,0.0,0,0,58.0,1,0,0,0,1,0,0,0,1,1,0,0,0,0,0,0.750031447
12,0.8,11.61,1120.0,5670,50,0.0,0,0,31.5,1,1,0,0,0,0,0,0,1,0,0,0,0,0,1,0.8002467529999999
11,0.8,11.61,816.0,2820,50,0.0,0,2,57.0,2,0,0,0,1,0,0,0,1,0,0,0,1,0,0,0.800516667
11,0.8,2.9,,960,0,0.0,0,0,8.0,3,0,1,0,0,0,1,0,0,0,0,0,0,1,0,0.758229167
8,0.7,29.12,1248.0,6840,0,0.0,0,0,57.0,2,1,0,0,0,0,0,0,1,0,0,0,0,0,1,0.700135088
3,0.8,4.6,,10500,0,0.0,0,0,25.0,3,1,0,0,0,0,1,0,0,0,0,1,0,0,0,0.936355556
2,0.8,3.94,,2160,0,0.0,0,0,18.0,2,0,1,0,0,0,1,0,0,0,0,0,0,1,0,0.966759259
2,0.8,3.94,,1200,0,0.0,0,0,10.0,2,1,0,0,0,0,0,1,0,0,0,1,0,0,0,0.912766667
8,0.8,25.9,1039.0,6780,45,0.0,0,0,56.5,1,1,0,0,0,0,0,0,1,0,0,1,0,0,0,0.8503451329999999
3,0.8,4.6,,10080,0,0.0,0,0,24.0,3,1,0,0,0,0,1,0,0,1,0,0,0,0,0,0.86037037
10,0.7,21.82,1653.0,6240,0,0.0,0,2,52.0,2,0,0,0,1,0,0,0,1,0,0,0,0,0,1,0.700058333
11,0.7,11.41,1054.0,3420,30,0.0,0,2,56.0,2,0,0,1,0,0,0,0,1,0,0,0,0,1,0,0.700614035
12,0.8,4.08,,1080,0,0.0,0,0,9.0,2,1,0,0,0,0,1,0,0,0,0,0,1,0,0,0.906666667
3,0.8,4.6,,1920,0,0.0,0,0,8.0,3,0,1,0,0,0,1,0,0,0,0,0,0,0,1,0.786631944
12,0.8,4.08,,1080,0,0.0,0,0,9.0,2,1,0,0,0,0,0,1,0,0,0,0,0,1,0,0.778222222
11,0.65,20.1,1417.0,6480,49,0.0,0,0,54.0,1,0,0,0,0,1,0,0,1,0,1,0,0,0,0,0.650148148
1,0.5,26.66,1448.0,6840,30,0.0,0,2,57.0,2,0,0,0,1,0,0,0,1,0,1,0,0,0,0,0.5503497079999999
5,0.7,45.67,884.0,6960,26,0.0,0,0,58.0,1,1,0,0,0,0,0,0,1,0,0,1,0,0,0,0.603432184
7,0.07,24.26,1608.0,6960,0,0.0,0,0,58.0,2,1,0,0,0,0,0,0,1,0,0,0,1,0,0,0.522844828
12,0.8,5.13,,2160,0,0.0,0,0,9.0,2,0,0,1,0,0,1,0,0,0,0,0,1,0,0,0.609583333
11,0.7,20.1,1192.0,6120,75,0.0,0,0,54.0,2,1,0,0,0,0,0,0,1,0,0,1,0,0,0,0.7005089290000001
10,0.8,3.94,,1200,0,0.0,0,0,10.0,1,0,0,0,0,1,0,1,0,0,1,0,0,0,0,0.971866667
7,0.5,4.15,,960,0,0.0,0,0,8.0,1,0,0,0,1,0,0,1,0,0,0,0,0,1,0,0.8035416670000001
8,0.8,25.9,1218.0,10170,60,0.0,0,0,56.5,1,0,1,0,0,0,0,0,1,0,0,0,0,0,1,0.850136766
6,0.65,23.41,1262.0,4560,35,0.0,0,1,38.0,3,0,1,0,0,0,0,0,1,1,0,0,0,0,0,0.650962281
4,0.75,30.1,919.0,7140,0,0.0,0,1,59.5,2,0,0,1,0,0,0,0,1,0,0,1,0,0,0,0.598627451
4,0.7,26.82,1028.0,6960,60,0.0,0,0,58.0,3,1,0,0,0,0,0,0,1,0,0,0,0,0,1,0.799975862
12,0.8,11.61,893.0,4710,50,0.0,0,0,31.5,1,0,1,0,0,0,0,0,1,0,1,0,0,0,0,0.800346445
11,0.5,14.89,917.0,9900,30,0.0,0,0,55.0,1,0,0,1,0,0,0,0,1,0,0,0,1,0,0,0.500025069
11,0.6,2.9,,2880,0,0.0,0,0,12.0,2,0,0,0,1,0,1,0,0,0,0,1,0,0,0,0.805555556
8,0.75,4.6,,3360,0,0.0,0,0,8.0,2,0,0,0,1,0,1,0,0,0,1,0,0,0,0,0.376597222
6,0.75,2.9,,1800,0,0.0,0,0,15.0,2,0,0,0,1,0,1,0,0,0,0,0,0,1,0,0.726933333
7,0.35,30.1,842.0,6960,0,0.0,0,1,58.0,2,0,1,0,0,0,0,0,1,1,0,0,0,0,0,0.350301724
4,0.75,22.52,825.0,10080,94,0.0,0,0,56.0,1,0,0,1,0,0,0,0,1,0,0,0,0,0,1,0.9005562770000001
2,0.75,3.94,,1200,0,0.0,0,0,10.0,1,0,0,0,1,0,0,1,0,0,0,0,0,1,0,0.7879999999999999
7,0.7,5.13,,1200,0,0.0,0,0,10.0,2,0,0,1,0,0,1,0,0,0,0,0,0,1,0,0.91375
9,0.75,18.79,1193.0,6240,45,0.0,0,0,52.0,3,0,1,0,0,0,0,0,1,1,0,0,0,0,0,0.750395513
4,0.8,28.08,759.0,6900,50,0.0,0,0,57.5,1,1,0,0,0,0,0,0,1,1,0,0,0,0,0,0.800076522
9,0.75,2.9,,960,0,0.0,0,0,8.0,3,1,0,0,0,0,1,0,0,0,0,1,0,0,0,0.44708333299999997
5,0.65,30.1,326.0,5820,0,90.0,10,0,58.5,2,1,0,0,0,0,0,0,1,0,0,0,0,0,1,0.6508348079999999
9,0.7,29.12,1340.0,6960,63,0.0,0,0,58.0,1,0,0,0,1,0,0,0,1,0,0,0,0,0,1,0.7505931029999999
5,0.8,11.41,668.0,3660,50,0.0,0,0,30.5,1,1,0,0,0,0,0,0,1,0,0,0,1,0,0,0.7070459020000001
1,0.75,3.94,,1200,0,0.0,0,0,10.0,1,0,0,0,1,0,0,1,0,0,0,0,0,1,0,0.77815
7,0.6,3.94,,6000,0,0.0,0,0,10.0,1,0,0,0,1,0,0,1,0,0,0,0,1,0,0,0.957638889
10,0.7,2.9,,3360,0,0.0,0,0,8.0,2,0,0,0,1,0,1,0,0,0,1,0,0,0,0,0.41083333299999997
2,0.75,19.87,733.0,6000,34,0.0,0,0,55.0,1,1,0,0,0,0,0,0,1,0,0,0,1,0,0,0.753097531
2,0.8,22.52,1452.0,6960,100,0.0,0,0,58.0,2,1,0,0,0,0,0,0,1,0,0,0,0,1,0,0.9499816090000001
5,0.8,30.1,15.0,1200,49,0.0,0,1,59.0,2,0,0,0,1,0,0,0,1,0,0,0,0,0,1,0.598792339
11,0.7,10.05,1042.0,6120,60,0.0,0,0,53.0,2,1,0,0,0,0,0,0,1,0,0,0,0,0,1,0.7002788459999999
2,0.75,3.94,,1800,0,0.0,0,0,10.0,1,0,0,0,1,0,0,1,0,1,0,0,0,0,0,0.9103787879999999
4,0.8,30.1,864.0,480,50,0.0,0,1,58.0,2,0,0,1,0,0,0,0,1,0,0,0,0,0,1,0.800980392
8,0.8,4.6,,3600,0,0.0,0,0,15.0,3,1,0,0,0,0,1,0,0,0,1,0,0,0,0,0.5907407410000001
10,0.8,3.94,,960,0,0.0,0,0,8.0,2,0,0,1,0,0,1,0,0,0,0,0,0,1,0,0.9275416670000001
8,0.8,2.9,,1440,0,0.0,0,0,8.0,1,0,1,0,0,0,0,1,0,0,0,0,0,1,0,0.681060606
12,0.8,15.26,1083.0,720,38,0.0,0,0,34.0,2,1,0,0,0,0,0,0,1,0,0,0,1,0,0,0.800612676
11,0.65,4.15,,2160,0,0.0,0,0,12.0,1,0,0,1,0,0,0,1,0,0,0,1,0,0,0,0.8383838379999999
12,0.8,15.26,986.0,4080,75,0.0,0,0,34.0,3,1,0,0,0,0,0,0,1,0,1,0,0,0,0,0.850520588
7,0.6,30.48,1017.0,6840,25,0.0,0,1,57.0,3,0,1,0,0,0,0,0,1,0,0,0,0,1,0,0.630402924
12,0.8,4.6,,3780,0,0.0,0,0,9.0,2,0,0,0,1,0,1,0,0,0,0,0,1,0,0,0.590617284
4,0.7,30.1,419.0,7080,0,0.0,0,1,59.0,2,0,1,0,0,0,0,0,1,0,0,0,1,0,0,0.637711864
1,0.75,3.94,,2280,0,0.0,0,0,19.0,2,1,0,0,0,0,0,1,0,1,0,0,0,0,0,0.504596491
9,0.8,3.94,,960,0,0.0,0,0,8.0,2,0,0,1,0,0,1,0,0,0,0,0,0,0,1,0.549791667
10,0.7,19.68,1410.0,5760,0,0.0,0,1,48.0,2,0,0,1,0,0,0,0,1,0,0,0,1,0,0,0.24941666699999998
3,0.35,30.1,770.0,6960,0,0.0,0,1,58.0,2,0,1,0,0,0,0,0,1,0,0,0,1,0,0,0.350301724
8,0.8,25.9,1158.0,10170,60,0.0,0,0,56.5,1,0,1,0,0,0,0,0,1,0,1,0,0,0,0,0.850136766
2,0.6,30.33,868.0,6840,0,0.0,0,1,57.0,2,0,0,1,0,0,0,0,1,0,0,0,0,0,1,0.328131579
10,0.8,22.52,1388.0,6720,88,0.0,0,0,56.0,2,0,1,0,0,0,0,0,1,0,0,1,0,0,0,0.9008
10,0.75,3.94,,1800,0,0.0,0,0,10.0,1,0,0,0,1,0,0,1,0,0,1,0,0,0,0,0.937242424
9,0.75,2.9,,1080,0,0.0,0,0,9.0,3,0,1,0,0,0,1,0,0,0,0,1,0,0,0,0.9290740740000001
12,0.8,11.61,1216.0,4950,50,0.0,0,0,31.5,1,0,0,1,0,0,0,0,1,0,0,0,1,0,0,0.80003139
8,0.65,29.4,962.0,4560,0,4.5,30,2,57.0,2,0,0,1,0,0,0,0,1,0,0,0,0,0,1,0.25139925399999996
6,0.65,18.79,881.0,3960,26,0.0,0,0,33.0,2,1,0,0,0,0,0,0,1,0,0,1,0,0,0,0.651007071
9,0.8,26.16,1156.0,10620,75,0.0,0,0,59.0,1,0,1,0,0,0,0,0,1,0,0,0,0,1,0,0.850502311
9,0.8,26.16,1095.0,10620,88,0.0,0,0,59.0,1,0,1,0,0,0,0,0,1,0,0,1,0,0,0,0.9002157159999999
5,0.8,30.1,679.0,7140,0,0.0,0,0,59.5,2,0,0,1,0,0,0,0,1,0,0,1,0,0,0,0.722568627
4,0.65,26.66,832.0,6780,55,0.0,0,0,57.0,3,1,0,0,0,0,0,0,1,1,0,0,0,0,0,0.750254867
3,0.75,4.15,,2160,0,0.0,0,0,12.0,1,0,1,0,0,0,0,1,0,0,0,0,1,0,0,0.712626263
6,0.75,18.79,1055.0,3960,45,0.0,0,0,33.0,2,0,0,0,1,0,0,0,1,0,0,1,0,0,0,0.75065101
9,0.75,18.79,935.0,6240,45,0.0,0,0,52.0,3,1,0,0,0,0,0,0,1,1,0,0,0,0,0,0.750395513
8,0.8,2.9,,1440,0,0.0,0,0,8.0,1,0,0,1,0,0,0,1,0,0,0,1,0,0,0,0.639867424
3,0.8,19.87,1043.0,6420,0,0.0,0,0,55.0,1,0,1,0,0,0,0,0,1,0,0,1,0,0,0,0.690182815
8,0.75,2.9,,960,0,0.0,0,0,8.0,1,1,0,0,0,0,0,1,0,0,0,0,1,0,0,0.676666667
3,0.75,19.87,734.0,6600,45,0.0,0,0,55.0,1,1,0,0,0,0,0,0,1,0,0,1,0,0,0,0.75024303
10,0.75,28.08,1066.0,10530,69,0.0,0,0,58.5,1,0,1,0,0,0,0,0,1,0,0,0,1,0,0,0.8
5,0.7,4.6,,960,0,0.0,0,0,8.0,3,1,0,0,0,0,1,0,0,0,0,0,0,0,1,0.5920833329999999
4,0.8,22.52,1016.0,10170,60,0.0,0,0,56.5,1,0,0,0,1,0,0,0,1,1,0,0,0,0,0,0.850312684
6,0.5,2.9,,960,0,0.0,0,0,8.0,3,1,0,0,0,0,1,0,0,0,1,0,0,0,0,0.7975
9,0.7,18.79,1603.0,6120,30,0.0,0,1,51.0,2,0,0,1,0,0,0,0,1,0,0,0,1,0,0,0.638614379
7,0.65,23.54,830.0,6600,0,0.0,0,0,55.0,1,0,0,0,0,1,0,0,1,0,0,0,1,0,0,0.48791999999999996
1,0.75,3.94,,1200,0,0.0,0,0,10.0,1,0,0,0,1,0,0,1,0,0,0,0,0,0,1,0.9456
6,0.75,2.9,,3360,0,0.0,0,0,8.0,2,0,0,0,1,0,1,0,0,0,0,0,1,0,0,0.271875
6,0.75,18.79,708.0,4080,0,0.0,0,0,34.0,2,0,1,0,0,0,0,0,1,1,0,0,0,0,0,0.612517157
6,0.8,2.9,,4800,0,0.0,0,0,8.0,1,0,0,0,1,0,0,1,0,0,0,0,1,0,0,0.626822917
10,0.7,2.9,,3360,0,0.0,0,0,8.0,3,1,0,0,0,0,1,0,0,0,0,1,0,0,0,0.6645833329999999
5,0.8,4.6,,1080,0,0.0,0,0,9.0,2,0,0,0,1,0,1,0,0,0,0,0,0,0,1,0.902962963
3,0.75,22.52,1495.0,10350,55,0.0,0,0,57.5,1,0,0,0,1,0,0,0,1,0,0,1,0,0,0,0.800513307
7,0.8,25.9,1126.0,10170,60,0.0,0,0,56.5,1,0,1,0,0,0,0,0,1,0,0,0,0,1,0,0.850136766
6,0.8,11.61,539.0,6975,50,0.0,0,0,31.0,1,1,0,0,0,0,0,0,1,0,0,1,0,0,0,0.879714482
11,0.6,12.52,831.0,9540,30,0.0,0,0,53.0,1,0,1,0,0,0,0,0,1,0,0,1,0,0,0,0.6002298460000001
5,0.7,30.1,754.0,7020,0,0.0,0,0,58.5,2,0,1,0,0,0,0,0,1,0,0,1,0,0,0,0.700618234
8,0.75,4.6,,3360,0,0.0,0,0,8.0,3,1,0,0,0,0,1,0,0,1,0,0,0,0,0,0.773333333
3,0.8,22.52,1136.0,6960,113,0.0,0,0,58.0,1,0,0,0,0,1,0,0,1,0,1,0,0,0,0,1.000457471
7,0.7,30.1,562.0,840,30,0.0,0,1,59.0,2,0,0,1,0,0,0,0,1,0,0,0,0,1,0,0.700888203
5,0.6,30.1,415.0,6960,0,0.0,0,0,58.0,2,1,0,0,0,0,0,0,1,0,0,0,0,1,0,0.415172414
3,0.5,5.13,,960,0,0.0,0,0,8.0,2,0,0,1,0,0,1,0,0,0,0,0,0,0,1,0.2565
4,0.75,3.94,,960,0,0.0,0,0,8.0,3,0,1,0,0,0,1,0,0,0,0,1,0,0,0,0.890604167
11,0.8,2.9,,0,960,0.0,0,0,8.0,3,0,1,0,0,0,1,0,0,1,0,0,0,0,0,0.960625
12,0.8,11.61,760.0,4470,50,0.0,0,0,31.5,1,0,1,0,0,0,0,0,1,1,0,0,0,0,0,0.80007657
11,0.8,4.15,,1980,0,0.0,0,0,7.0,1,0,1,0,0,0,0,1,0,0,0,0,0,0,1,0.934607438
12,0.8,15.26,983.0,4080,50,0.0,0,0,34.0,3,1,0,0,0,0,0,0,1,0,0,0,0,1,0,0.8004019609999999
7,0.75,30.1,444.0,0,0,5.0,20,1,59.0,2,0,0,1,0,0,0,0,1,0,0,0,1,0,0,0.611140537
11,0.8,11.61,954.0,0,50,0.0,0,2,58.0,2,0,0,0,1,0,0,0,1,0,1,0,0,0,0,0.800779018
8,0.65,4.15,,960,0,0.0,0,0,8.0,2,1,0,0,0,0,0,1,0,1,0,0,0,0,0,0.5619791670000001
12,0.6,15.26,1492.0,6960,23,0.0,0,0,34.0,1,0,0,0,1,0,0,0,1,0,0,0,1,0,0,0.600436426
6,0.8,11.41,843.0,5670,50,0.0,0,0,31.5,1,0,1,0,0,0,0,0,1,1,0,0,0,0,0,0.800181818
12,0.8,26.16,844.0,7080,63,0.0,0,0,59.0,1,1,0,0,0,0,0,0,1,0,1,0,0,0,0,0.8003186440000001
3,0.75,29.4,1283.0,6960,45,0.0,0,2,58.0,2,0,0,0,1,0,0,0,1,0,0,0,0,0,1,0.750206897
12,0.7,4.08,,1620,0,0.0,0,0,9.0,1,0,0,0,1,0,0,1,0,0,0,1,0,0,0,0.6181818179999999
9,0.7,28.08,872.0,6900,44,0.0,0,0,57.5,1,1,0,0,0,0,0,0,1,0,0,0,1,0,0,0.7211269570000001
3,0.8,22.52,968.0,6840,113,0.0,0,0,57.0,2,1,0,0,0,0,0,0,1,0,0,0,0,0,1,1.000230409
1,0.7,3.94,,960,0,0.0,0,0,8.0,3,1,0,0,0,0,1,0,0,0,1,0,0,0,0,0.664875
12,0.8,5.13,,1200,0,0.0,0,0,10.0,2,0,0,1,0,0,1,0,0,0,0,0,0,0,1,0.9918
12,0.7,15.26,1296.0,6120,40,0.0,0,0,34.0,1,0,0,0,1,0,0,0,1,0,0,1,0,0,0,0.70043672
2,0.8,28.08,749.0,10350,63,0.0,0,0,57.5,1,0,1,0,0,0,0,0,1,0,1,0,0,0,0,0.800594466
8,0.75,29.4,551.0,6840,45,0.0,0,0,57.0,3,1,0,0,0,0,0,0,1,1,0,0,0,0,0,0.750473684
5,0.8,30.1,511.0,0,0,0.0,0,0,59.0,2,0,0,1,0,0,0,0,1,0,0,0,0,0,1,0.800980392
2,0.8,3.94,,2400,0,0.0,0,0,20.0,2,1,0,0,0,0,0,1,0,0,0,0,0,1,0,1.001416667
2,0.8,28.08,782.0,6660,50,0.0,0,0,55.5,1,1,0,0,0,0,0,0,1,0,0,1,0,0,0,0.8002378379999999
10,0.7,2.9,,3360,0,0.0,0,0,8.0,3,1,0,0,0,0,1,0,0,0,0,0,0,1,0,0.463194444
11,0.8,4.15,,1440,0,0.0,0,0,8.0,1,0,1,0,0,0,0,1,0,0,0,1,0,0,0,0.668087121
8,0.8,2.9,,1440,0,0.0,0,0,8.0,1,1,0,0,0,0,0,1,0,0,0,0,0,0,1,0.681060606
4,0.8,3.94,,4440,0,0.0,0,0,18.0,1,1,0,0,0,0,0,1,0,0,0,0,0,0,1,0.827186544
9,0.75,18.79,1020.0,5640,45,0.0,0,1,52.0,2,0,0,0,1,0,0,0,1,0,0,0,1,0,0,0.750371895
12,0.8,11.61,1101.0,5310,50,0.0,0,0,31.5,1,1,0,0,0,0,0,0,1,0,0,0,0,1,0,0.8001409690000001
5,0.75,4.15,,1200,0,0.0,0,0,10.0,2,0,0,1,0,0,1,0,0,1,0,0,0,0,0,0.629416667
10,0.75,3.94,,1440,0,0.0,0,0,8.0,1,0,1,0,0,0,0,1,0,0,0,0,1,0,0,0.779791667
9,0.75,2.9,,960,0,0.0,0,0,8.0,3,1,0,0,0,0,1,0,0,0,0,0,0,0,1,0.83375
8,0.8,25.9,1211.0,10260,60,0.0,0,0,57.0,1,0,1,0,0,0,0,0,1,0,0,0,0,1,0,0.850252525
1,0.8,26.16,1189.0,10620,75,0.0,0,0,59.0,1,0,1,0,0,0,0,0,1,0,0,0,1,0,0,0.850502311
1,0.7,22.94,1682.0,10530,75,0.0,0,0,58.5,1,0,0,0,1,0,0,0,1,0,0,1,0,0,0,0.8009096090000001
9,0.5,18.79,1688.0,5280,0,0.0,0,1,54.0,2,0,0,1,0,0,0,0,1,0,0,1,0,0,0,0.28305448699999997
3,0.7,22.52,1139.0,10260,63,0.0,0,0,57.0,1,0,0,1,0,0,0,0,1,0,0,0,0,0,1,0.750068049
9,0.75,29.12,1082.0,6840,81,0.0,0,0,57.0,1,0,0,0,0,1,0,0,1,0,1,0,0,0,0,0.850610526
2,0.8,22.52,1327.0,0,113,0.0,0,0,57.5,2,0,1,0,0,0,0,0,1,0,0,0,1,0,0,1.000344928
5,0.5,30.1,839.0,6960,0,0.0,0,0,58.0,2,1,0,0,0,0,0,0,1,1,0,0,0,0,0,0.500801724
11,0.6,20.1,1601.0,4320,46,0.0,0,0,51.0,1,0,0,0,0,1,0,0,1,0,0,0,1,0,0,0.60059761
9,0.8,26.16,1305.0,10620,75,0.0,0,0,59.0,1,1,0,0,0,0,0,0,1,0,0,0,0,1,0,0.850502311
4,0.7,4.15,,1800,0,0.0,0,0,15.0,2,0,1,0,0,0,1,0,0,0,0,0,0,0,1,1.0331555559999999
10,0.8,3.94,,5400,0,0.0,0,0,20.0,1,0,1,0,0,0,0,1,0,0,0,0,0,1,0,0.912766667
4,0.35,22.4,581.0,7350,0,0.0,0,0,51.5,1,0,1,0,0,0,0,0,1,1,0,0,0,0,0,0.35063299
9,0.7,2.9,,960,0,0.0,0,0,8.0,2,0,0,0,1,0,1,0,0,0,0,0,0,0,1,0.41083333299999997
10,0.7,2.9,,960,0,0.0,0,0,8.0,3,0,1,0,0,0,1,0,0,0,0,0,0,1,0,0.39875
5,0.6,4.15,,1440,0,0.0,0,0,8.0,1,0,0,1,0,0,0,1,0,0,0,1,0,0,0,0.8527935609999999
8,0.7,4.6,,960,0,0.0,0,0,8.0,2,0,0,0,1,0,1,0,0,0,0,0,0,0,1,0.658541667
10,0.7,2.9,,3360,0,0.0,0,0,8.0,2,0,0,0,1,0,1,0,0,0,0,0,1,0,0,0.41083333299999997
2,0.7,3.94,,15000,0,0.0,0,0,25.0,1,0,0,0,1,0,0,1,0,0,0,0,1,0,0,0.649662222
1,0.8,22.52,1420.0,6840,113,0.0,0,0,57.0,2,0,0,1,0,0,0,0,1,0,0,1,0,0,0,1.000230409
9,0.7,28.08,1072.0,6900,40,0.0,0,0,57.5,1,1,0,0,0,0,0,0,1,0,1,0,0,0,0,0.699965217
3,0.8,22.52,1287.0,6840,100,0.0,0,0,57.0,1,0,0,0,0,1,0,0,1,0,0,0,1,0,0,0.950185965
2,0.8,3.94,,960,0,0.0,0,0,8.0,1,1,0,0,0,0,0,1,0,0,0,1,0,0,0,0.7921041670000001
6,0.7,18.79,913.0,4020,30,0.0,0,0,33.5,2,1,0,0,0,0,0,0,1,0,0,0,0,1,0,0.700184577
3,0.7,3.94,,12000,0,0.0,0,0,20.0,1,0,0,0,1,0,0,1,0,0,0,0,1,0,0,0.460578704
10,0.8,22.52,1108.0,6720,113,0.0,0,0,56.0,2,1,0,0,0,0,0,0,1,0,0,0,0,0,1,0.999995238
8,0.65,3.94,,960,0,0.0,0,0,8.0,1,0,0,0,0,1,0,1,0,0,1,0,0,0,0,0.971866667
3,0.8,42.27,465.0,9900,54,0.0,0,0,55.0,1,0,1,0,0,0,0,0,1,0,0,0,0,1,0,0.705576584
10,0.65,3.94,,960,0,0.0,0,0,8.0,1,1,0,0,0,0,0,1,0,0,0,0,1,0,0,0.705916667
10,0.7,2.9,,0,960,0.0,0,0,8.0,3,0,1,0,0,0,1,0,0,1,0,0,0,0,0,0.47729166700000003
3,0.8,22.52,1283.0,6720,88,0.0,0,0,56.0,2,0,1,0,0,0,0,0,1,0,0,1,0,0,0,0.900129762
2,0.7,22.94,1510.0,10620,60,0.0,0,0,57.0,1,0,0,0,1,0,0,0,1,0,0,0,1,0,0,0.8003027909999999
9,0.75,29.12,1282.0,6960,45,0.0,0,0,58.0,2,1,0,0,0,0,0,0,1,0,0,1,0,0,0,0.7505931029999999
3,0.75,3.94,,1800,0,0.0,0,0,10.0,1,0,0,0,1,0,0,1,0,1,0,0,0,0,0,1.059621212
3,0.8,29.4,1169.0,6840,63,0.0,0,0,57.0,3,1,0,0,0,0,0,0,1,0,0,0,0,0,1,0.800333333
12,0.8,2.9,,1440,0,0.0,0,0,8.0,1,0,0,1,0,0,0,1,0,1,0,0,0,0,0,0.793844697
11,0.6,2.9,,1200,0,0.0,0,0,10.0,2,0,0,1,0,0,1,0,0,0,0,1,0,0,0,0.715333333
4,0.35,30.1,287.0,6060,23,150.0,15,0,55.5,2,1,0,0,0,0,0,0,1,0,0,0,0,0,1,0.350706422
11,0.6,2.9,,960,0,0.0,0,0,8.0,1,0,0,0,0,1,0,1,0,0,0,0,1,0,0,0.864583333
9,0.7,2.9,,1800,0,0.0,0,0,15.0,2,0,0,0,1,0,1,0,0,0,0,0,0,1,0,0.726933333
8,0.8,2.9,,1440,0,0.0,0,0,8.0,1,0,1,0,0,0,0,1,0,0,1,0,0,0,0,0.628882576
8,0.8,25.9,562.0,7470,38,0.0,0,0,56.5,1,0,0,1,0,0,0,0,1,0,0,0,0,0,1,0.800436542
10,0.8,28.08,1082.0,10530,63,0.0,0,0,58.5,1,0,1,0,0,0,0,0,1,0,1,0,0,0,0,0.8
6,0.75,18.79,670.0,3960,34,0.0,0,0,33.0,2,0,1,0,0,0,0,0,1,0,0,1,0,0,0,0.75065101
3,0.8,22.52,1271.0,5400,50,0.0,0,0,57.0,2,0,1,0,0,0,0,0,1,1,0,0,0,0,0,0.800161172
3,0.8,4.6,,6300,0,0.0,0,0,15.0,2,0,0,0,1,0,1,0,0,0,0,0,1,0,0,0.921703704
1,0.7,26.82,1267.0,8160,70,0.0,0,0,58.0,3,1,0,0,0,0,0,0,1,0,1,0,0,0,0,0.850045
3,0.8,4.6,,2400,0,0.0,0,0,20.0,2,0,0,0,1,0,1,0,0,0,0,0,0,0,1,0.900833333
5,0.75,30.1,788.0,7380,56,0.0,0,0,59.5,2,0,1,0,0,0,0,0,1,0,0,0,0,0,1,0.750406233
1,0.8,22.52,1532.0,6900,88,0.0,0,0,57.5,2,1,0,0,0,0,0,0,1,0,0,0,0,0,1,0.900147246
10,0.8,3.94,,960,0,0.0,0,0,8.0,2,1,0,0,0,0,1,0,0,0,0,0,1,0,0,0.7715833329999999
1,0.7,26.66,1562.0,6960,60,0.0,0,0,58.0,3,1,0,0,0,0,0,0,1,0,0,0,0,1,0,0.8005660920000001
8,0.7,24.26,154.0,6840,0,0.0,0,0,57.0,2,0,1,0,0,0,0,0,1,0,0,1,0,0,0,0.353259649
11,0.8,11.41,560.0,3420,50,0.0,0,0,58.0,3,0,1,0,0,0,0,0,1,0,0,0,0,0,1,0.800034503
10,0.35,22.4,715.0,10170,23,0.0,0,0,56.5,1,0,1,0,0,0,0,0,1,0,0,0,0,1,0,0.35020649
10,0.8,3.94,,1440,0,0.0,0,0,8.0,1,0,1,0,0,0,0,1,0,0,0,1,0,0,0,0.828295455
1,0.75,26.82,1322.0,7080,45,0.0,0,0,59.0,3,0,1,0,0,0,0,0,1,0,0,0,0,0,1,0.750050847
10,0.8,3.94,,1440,0,0.0,0,0,8.0,1,0,0,1,0,0,0,1,0,0,1,0,0,0,0,0.9746212120000001
4,0.8,4.3,,1200,0,0.0,0,0,10.0,1,0,0,0,0,1,0,1,0,0,0,0,1,0,0,0.9890000000000001
2,0.7,30.33,398.0,6960,0,0.0,0,1,58.0,2,0,0,0,1,0,0,0,1,0,0,0,1,0,0,0.66237931
1,0.8,22.52,1397.0,0,138,0.0,0,0,57.0,2,0,1,0,0,0,0,0,1,0,0,0,1,0,0,1.100483918
6,0.35,22.53,1450.0,2640,0,0.0,0,1,39.0,3,1,0,0,0,0,0,0,1,0,0,0,1,0,0,0.26369382
9,0.8,4.15,,960,0,0.0,0,0,8.0,1,1,0,0,0,0,0,1,0,0,1,0,0,0,0,0.9562708329999999
7,0.7,24.26,1639.0,6720,0,0.0,0,0,56.0,2,1,0,0,0,0,0,0,1,0,0,0,0,1,0,0.541517857
12,0.8,4.08,,1080,0,0.0,0,0,9.0,2,0,0,1,0,0,1,0,0,1,0,0,0,0,0,0.8915555559999999
10,0.8,22.52,10.0,6000,0,0.0,0,0,50.0,2,0,1,0,0,0,0,0,1,0,0,0,1,0,0,0.441392
7,0.8,25.9,1012.0,10170,45,0.0,0,0,56.5,1,0,1,0,0,0,0,0,1,0,0,1,0,0,0,0.850136766
5,0.8,4.6,,7560,0,0.0,0,0,18.0,2,0,0,0,1,0,1,0,0,0,0,0,1,0,0,0.921604938
8,0.7,30.1,824.0,5160,0,0.0,0,1,60.0,2,0,1,0,0,0,0,0,1,0,1,0,0,0,0,0.700206125
11,0.7,4.15,,2700,0,0.0,0,0,9.0,1,0,0,1,0,0,0,1,0,0,0,0,0,0,1,0.470769231
3,0.8,22.52,11.0,6840,0,0.0,0,1,57.0,2,0,1,0,0,0,0,0,1,0,0,0,0,0,1,0.536901754
4,0.8,3.94,,6600,0,0.0,0,0,20.0,1,1,0,0,0,0,0,1,0,0,0,1,0,0,0,0.8616790120000001
7,0.65,3.9,,960,0,0.0,0,0,8.0,3,0,1,0,0,0,1,0,0,0,0,0,0,0,1,0.625625
4,0.7,4.15,,1800,0,0.0,0,0,15.0,2,0,1,0,0,0,1,0,0,0,0,0,0,1,0,0.7967555559999999
12,0.8,15.26,1053.0,4080,50,0.0,0,0,34.0,2,0,0,0,1,0,0,0,1,0,0,0,0,0,1,0.8004019609999999
10,0.8,3.94,,1200,0,0.0,0,0,10.0,2,1,0,0,0,0,0,1,0,1,0,0,0,0,0,0.85695
4,0.75,22.52,867.0,10260,94,0.0,0,0,57.0,1,0,0,0,1,0,0,0,1,0,0,1,0,0,0,0.9003211059999999
4,0.6,30.1,486.0,6780,30,0.0,0,1,57.0,2,1,0,0,0,0,0,0,1,0,1,0,0,0,0,0.600224189
11,0.75,42.97,1282.0,10260,56,0.0,0,0,57.0,1,0,0,0,1,0,0,0,1,0,1,0,0,0,0,0.7500412009999999
9,0.8,3.94,,1800,0,0.0,0,0,10.0,1,0,0,1,0,0,0,1,0,0,1,0,0,0,0,0.82680303
4,0.8,30.1,323.0,4080,50,0.0,0,1,59.0,2,0,0,0,1,0,0,0,1,0,0,0,0,0,1,0.800808642
11,0.75,11.61,635.0,3360,45,0.0,0,0,57.0,2,0,0,0,1,0,0,0,1,0,0,0,0,0,1,0.750503571
8,0.8,25.9,1083.0,10170,38,0.0,0,0,56.5,1,1,0,0,0,0,0,0,1,0,0,0,0,1,0,0.800128721
12,0.8,4.6,,1080,0,0.0,0,0,9.0,3,1,0,0,0,0,1,0,0,0,1,0,0,0,0,0.868888889
1,0.8,3.94,,1440,0,0.0,0,0,8.0,1,0,1,0,0,0,0,1,0,0,0,0,0,0,1,0.891723485
5,0.8,30.1,276.0,600,63,3.5,15,0,59.5,2,0,0,1,0,0,0,0,1,0,0,0,1,0,0,0.7999828529999999
9,0.75,18.79,841.0,6240,45,0.0,0,1,52.0,2,0,0,0,1,0,0,0,1,0,1,0,0,0,0,0.750395513
9,0.75,18.79,1206.0,6240,34,0.0,0,0,52.0,3,1,0,0,0,0,0,0,1,0,0,0,0,0,1,0.750395513
2,0.65,30.33,841.0,6840,0,0.0,0,1,57.0,2,0,0,1,0,0,0,0,1,0,0,0,1,0,0,0.585315789
5,0.7,27.48,573.0,6840,30,0.0,0,0,57.0,3,1,0,0,0,0,0,0,1,0,0,0,0,1,0,0.7006596490000001
6,0.6,23.41,1266.0,2520,23,0.0,0,1,38.0,3,0,1,0,0,0,0,0,1,0,0,1,0,0,0,0.601037091
8,0.7,3.9,,960,0,0.0,0,0,8.0,3,0,1,0,0,0,1,0,0,0,0,0,0,0,1,0.625625
6,0.7,23.41,1180.0,4560,30,0.0,0,1,38.0,3,0,1,0,0,0,0,0,1,0,0,0,0,1,0,0.7002464909999999
5,0.7,20.4,1352.0,10260,50,0.0,0,0,57.0,1,0,0,1,0,0,0,0,1,0,0,0,0,1,0,0.7000637959999999
4,0.7,26.66,950.0,6960,50,0.0,0,0,58.0,3,1,0,0,0,0,0,0,1,0,0,0,0,1,0,0.750770115
7,0.8,2.9,,1440,0,0.0,0,0,8.0,1,0,1,0,0,0,0,1,0,1,0,0,0,0,0,0.648106061
10,0.75,3.94,,3420,0,0.0,0,0,19.0,1,0,0,0,1,0,0,1,0,0,0,1,0,0,0,0.955151515
8,0.8,25.9,1026.0,10170,60,0.0,0,0,56.5,1,0,1,0,0,0,0,0,1,0,0,0,1,0,0,0.850136766
12,0.8,15.26,1069.0,4080,63,0.0,0,0,34.0,3,0,1,0,0,0,0,0,1,0,0,0,0,1,0,0.8004019609999999
6,0.7,18.79,2984.0,3960,30,0.0,0,0,33.0,2,1,0,0,0,0,0,0,1,1,0,0,0,0,0,0.700354545
1,0.8,3.94,,960,0,0.0,0,0,8.0,1,1,0,0,0,0,0,1,0,0,1,0,0,0,0,0.9029166670000001
2,0.7,30.33,512.0,4560,0,0.0,0,1,58.0,2,0,0,0,1,0,0,0,1,0,1,0,0,0,0,0.7002111109999999
11,0.8,4.15,,1440,0,0.0,0,0,8.0,1,0,1,0,0,0,0,1,0,0,1,0,0,0,0,0.8174242420000001
2,0.5,15.28,261.0,5520,0,0.0,0,1,46.0,3,1,0,0,0,0,0,0,1,0,0,0,0,0,1,0.40414492799999996
8,0.6,30.1,1069.0,4560,30,0.0,0,1,58.0,2,0,1,0,0,0,0,0,1,0,0,0,0,0,1,0.714410494
5,0.7,4.15,,240,0,0.0,0,0,2.0,2,0,1,0,0,0,1,0,0,0,0,0,0,0,1,0.87
1,0.75,26.82,1254.0,6960,65,0.0,0,0,58.0,3,0,1,0,0,0,0,0,1,0,0,1,0,0,0,0.85007069
10,0.7,21.82,1390.0,6000,30,0.0,0,0,50.0,3,1,0,0,0,0,0,0,1,0,0,0,1,0,0,0.700422
4,0.8,28.08,990.0,10350,50,0.0,0,0,57.5,1,1,0,0,0,0,0,0,1,0,0,0,0,0,1,0.800594466
7,0.8,2.9,,1440,0,0.0,0,0,8.0,1,0,0,1,0,0,0,1,0,0,0,0,1,0,0,0.689299242
12,0.75,15.26,1276.0,1440,45,0.0,0,0,35.0,2,1,0,0,0,0,0,0,1,0,0,1,0,0,0,0.750450658
2,0.75,3.94,,1440,0,0.0,0,0,8.0,1,0,0,0,1,0,0,1,0,0,0,1,0,0,0,0.970075758
9,0.8,26.16,1324.0,10620,75,0.0,0,0,59.0,1,1,0,0,0,0,0,0,1,0,0,0,0,0,1,0.850502311
7,0.5,3.9,,960,0,0.0,0,0,8.0,3,0,1,0,0,0,1,0,0,0,0,0,0,1,0,0.560625
6,0.8,25.9,1152.0,6720,50,0.0,0,0,56.0,1,1,0,0,0,0,0,0,1,0,1,0,0,0,0,0.800125
10,0.8,22.52,598.0,0,75,0.0,0,0,56.0,2,0,1,0,0,0,0,0,1,0,0,0,0,0,1,0.850364583
5,0.7,26.82,992.0,6960,30,0.0,0,1,58.0,3,0,1,0,0,0,0,0,1,0,0,0,0,0,1,0.700556897
7,0.8,2.9,,1440,0,0.0,0,0,8.0,1,0,1,0,0,0,0,1,0,0,0,0,0,0,1,0.837594697
9,0.8,3.94,,960,0,0.0,0,0,8.0,2,0,1,0,0,0,1,0,0,0,0,0,0,1,0,0.6895
1,0.8,3.94,,1440,0,0.0,0,0,2.0,1,0,1,0,0,0,0,1,0,0,0,0,0,1,0,0.951420455
10,0.7,28.08,1202.0,6900,40,0.0,0,0,57.5,1,1,0,0,0,0,0,0,1,0,0,1,0,0,0,0.699965217
11,0.7,2.9,,960,0,0.0,0,0,8.0,2,0,0,0,1,0,1,0,0,0,0,0,0,1,0,0.5046875
6,0.75,20.2,402.0,3120,45,0.0,0,0,33.0,3,1,0,0,0,0,0,0,1,0,0,0,0,1,0,0.750212553
10,0.8,3.94,,1440,0,0.0,0,0,12.0,1,0,0,0,1,0,0,1,0,0,0,0,0,1,0,0.979527778
4,0.35,4.3,,3600,0,0.0,0,0,20.0,1,0,0,1,0,0,0,1,0,0,0,0,1,0,0,0.9886363640000001
5,0.65,20.79,1015.0,7080,81,0.0,0,0,59.0,1,0,0,0,0,1,0,0,1,0,0,0,1,0,0,0.800473729
5,0.5,4.15,,1440,0,0.0,0,0,8.0,1,0,1,0,0,0,0,1,0,0,1,0,0,0,0,0.337973485
12,0.8,15.26,1060.0,4080,63,0.0,0,0,34.0,2,0,0,0,1,0,0,0,1,1,0,0,0,0,0,0.8004019609999999
2,0.8,5.13,,3600,0,0.0,0,0,15.0,2,0,0,1,0,0,1,0,0,0,0,0,1,0,0,0.710125
2,0.7,22.94,1422.0,10500,60,0.0,0,0,57.0,1,0,0,1,0,0,0,0,1,0,0,0,0,0,1,0.800415742
7,0.8,3.94,,960,0,0.0,0,0,8.0,1,1,0,0,0,0,0,1,0,0,1,0,0,0,0,0.6253125
2,0.8,3.94,,2160,0,0.0,0,0,18.0,2,1,0,0,0,0,1,0,0,0,0,0,0,0,1,0.966759259
2,0.7,16.1,817.0,5520,30,0.0,0,1,45.0,3,0,1,0,0,0,0,0,1,1,0,0,0,0,0,0.700516224
8,0.8,2.9,,720,0,0.0,0,0,4.0,1,0,0,0,1,0,0,1,0,0,0,1,0,0,0,0.329545455
6,0.8,11.41,1047.0,5580,63,0.0,0,0,31.0,1,0,0,1,0,0,0,0,1,0,0,0,0,1,0,0.8002614859999999
8,0.35,4.15,,1440,0,0.0,0,0,12.0,2,0,1,0,0,0,1,0,0,0,0,0,1,0,0,0.755486111
4,0.8,28.08,925.0,10350,50,0.0,0,0,57.5,1,1,0,0,0,0,0,0,1,0,0,0,0,1,0,0.800594466
7,0.7,5.13,,960,0,0.0,0,0,8.0,2,0,0,0,1,0,1,0,0,0,0,1,0,0,0,0.283958333
2,0.8,3.94,,1200,0,0.0,0,0,10.0,1,0,0,0,0,1,0,1,0,0,1,0,0,0,0,0.971866667
11,0.8,19.31,678.0,4800,50,0.0,0,0,55.0,1,1,0,0,0,0,0,0,1,1,0,0,0,0,0,0.800250962
2,0.8,3.94,,1800,0,0.0,0,0,10.0,1,0,0,1,0,0,0,1,0,0,1,0,0,0,0,0.9809090909999999
11,0.7,14.89,1863.0,10260,50,0.0,0,0,57.0,1,0,0,0,1,0,0,0,1,0,0,0,1,0,0,0.700170388
12,0.8,4.08,,1080,0,0.0,0,0,9.0,2,0,1,0,0,0,1,0,0,0,1,0,0,0,0,0.8008888890000001
4,0.8,22.52,1342.0,6780,50,0.0,0,0,56.5,1,0,0,0,1,0,0,0,1,0,0,0,0,0,1,0.800489676
11,0.7,14.89,1501.0,10260,50,0.0,0,0,57.0,1,0,0,1,0,0,0,0,1,0,0,0,0,1,0,0.700170388
4,0.6,3.94,,960,0,0.0,0,0,8.0,3,1,0,0,0,0,1,0,0,0,0,1,0,0,0,0.673083333
1,0.8,3.94,,1440,0,0.0,0,0,12.0,2,1,0,0,0,0,1,0,0,0,0,0,1,0,0,0.845458333
6,0.8,2.9,,960,0,0.0,0,0,8.0,1,0,0,0,1,0,0,1,0,0,0,0,0,1,0,0.6225
3,0.65,22.52,1138.0,10170,35,0.0,0,0,56.5,1,0,0,1,0,0,0,0,1,0,0,1,0,0,0,0.650416734
8,0.35,4.15,,1800,0,0.0,0,0,15.0,2,0,1,0,0,0,1,0,0,1,0,0,0,0,0,0.7071111109999999
8,0.8,4.6,,960,0,0.0,0,0,8.0,3,1,0,0,0,0,1,0,0,0,0,0,0,0,1,0.930416667
8,0.8,25.9,1380.0,3630,50,0.0,0,0,56.5,1,0,0,1,0,0,0,0,1,1,0,0,0,0,0,0.800162602
10,0.75,21.82,1674.0,6000,34,0.0,0,0,50.0,3,0,1,0,0,0,0,0,1,0,0,0,0,0,1,0.7506079999999999
3,0.7,22.52,1244.0,10260,63,0.0,0,0,57.0,1,0,0,0,1,0,0,0,1,0,0,0,1,0,0,0.750068049
10,0.7,22.52,1108.0,10080,63,0.0,0,0,56.0,1,0,0,1,0,0,0,0,1,0,0,0,0,1,0,0.750057359
8,0.35,15.09,1448.0,9360,23,0.0,0,0,52.0,1,0,0,0,1,0,0,0,1,0,1,0,0,0,0,0.34998951
8,0.75,29.4,792.0,4560,56,0.0,0,2,58.0,2,0,0,0,1,0,0,0,1,0,1,0,0,0,0,0.7504259259999999
10,0.8,3.94,,1260,0,0.0,0,0,8.0,1,0,1,0,0,0,0,1,0,0,0,0,0,0,1,0.332359307
6,0.8,25.9,1170.0,1920,50,0.0,0,0,56.0,1,1,0,0,0,0,0,0,1,0,0,0,1,0,0,0.8003819440000001
8,0.6,24.26,1196.0,6600,0,0.0,0,0,55.0,2,1,0,0,0,0,0,0,1,0,0,1,0,0,0,0.46682121200000004
3,0.7,29.4,1228.0,6960,30,0.0,0,2,58.0,2,0,0,0,1,0,0,0,1,1,0,0,0,0,0,0.7003620690000001
8,0.8,4.6,,2640,0,0.0,0,0,22.0,3,1,0,0,0,0,1,0,0,0,0,0,1,0,0,0.980984848
2,0.8,28.08,783.0,10050,63,0.0,0,0,58.5,1,0,1,0,0,0,0,0,1,0,0,0,1,0,0,0.8004972459999999
8,0.8,25.9,1209.0,10170,60,0.0,0,0,56.5,1,0,1,0,0,0,0,0,1,0,0,1,0,0,0,0.850136766
12,0.8,15.26,894.0,4080,50,0.0,0,0,34.0,2,0,1,0,0,0,0,0,1,0,0,0,1,0,0,0.8004019609999999
6,0.8,11.41,411.0,14640,50,0.0,0,0,30.5,1,0,1,0,0,0,0,0,1,0,0,0,1,0,0,0.800024932
4,0.7,23.69,544.0,13800,0,0.0,0,0,60.0,1,1,0,0,0,0,0,0,1,0,1,0,0,0,0,0.700134038
2,0.8,22.52,1233.0,6900,113,0.0,0,0,57.5,2,0,1,0,0,0,0,0,1,0,0,1,0,0,0,1.000018551
2,0.8,3.94,,1440,0,0.0,0,0,8.0,1,1,0,0,0,0,0,1,0,0,0,0,0,1,0,0.805909091
1,0.8,22.94,16882.0,7020,113,0.0,0,0,58.5,2,1,0,0,0,0,0,0,1,1,0,0,0,0,0,1.000602279
6,0.6,3.94,,1200,0,0.0,0,0,10.0,1,0,0,0,0,1,0,1,0,0,1,0,0,0,0,0.971866667
3,0.75,22.52,1299.0,6840,119,0.0,0,0,57.0,1,0,0,0,1,0,0,0,1,0,0,0,0,1,0,1.000230409
1,0.8,3.94,,1440,0,0.0,0,0,8.0,1,1,0,0,0,0,0,1,0,0,0,0,0,1,0,0.936496212
3,0.8,29.4,797.0,1800,63,0.0,0,0,57.0,3,1,0,0,0,0,0,0,1,0,0,0,1,0,0,0.800534979
3,0.7,30.1,247.0,6960,50,0.0,0,1,58.0,2,0,0,1,0,0,0,0,1,0,0,0,1,0,0,0.700603448
3,0.6,30.1,1361.0,6960,30,0.0,0,1,58.0,2,0,0,1,0,0,0,0,1,0,0,1,0,0,0,0.475718391
5,0.6,3.94,,0,2880,0.0,0,0,12.0,3,0,1,0,0,0,1,0,0,1,0,0,0,0,0,0.8643425929999999
6,0.75,18.79,912.0,3960,45,0.0,0,0,33.0,2,0,0,0,1,0,0,0,1,0,0,0,1,0,0,0.75065101
2,0.8,22.52,674.0,3660,63,0.0,0,0,57.0,2,0,1,0,0,0,0,0,1,0,1,0,0,0,0,0.80037492
3,0.65,30.1,1263.0,600,63,0.0,0,1,58.0,2,0,0,1,0,0,0,0,1,1,0,0,0,0,0,0.802243319
4,0.75,4.3,,6000,0,0.0,0,0,20.0,1,0,0,1,0,0,0,1,0,0,0,0,0,0,1,0.978525641
4,0.75,4.15,,2400,0,0.0,0,0,20.0,2,0,1,0,0,0,1,0,0,0,1,0,0,0,0,0.9029166670000001
11,0.75,10.05,677.0,3240,45,0.0,0,0,27.0,2,1,0,0,0,0,0,0,1,0,1,0,0,0,0,0.750027778
11,0.7,14.89,1484.0,10260,50,0.0,0,0,57.0,1,0,0,1,0,0,0,0,1,1,0,0,0,0,0,0.700170388
9,0.8,29.12,609.0,3240,50,0.0,0,0,58.0,2,0,1,0,0,0,0,0,1,0,0,0,0,0,1,0.8001441440000001
8,0.75,29.4,622.0,6240,56,0.0,0,0,57.0,3,1,0,0,0,0,0,0,1,0,0,1,0,0,0,0.75075
1,0.5,22.94,1492.0,10170,30,0.0,0,0,56.5,1,0,0,1,0,0,0,0,1,1,0,0,0,0,0,0.549969429
12,0.8,11.61,896.0,5670,50,0.0,0,0,31.5,1,0,1,0,0,0,0,0,1,0,0,1,0,0,0,0.8002467529999999
4,0.7,22.52,930.0,10260,63,0.0,0,0,57.0,1,0,0,1,0,0,0,0,1,1,0,0,0,0,0,0.750068049
7,0.8,2.9,,1440,0,0.0,0,0,8.0,1,0,1,0,0,0,0,1,0,0,0,0,0,1,0,0.670075758
7,0.8,48.84,624.0,10170,50,0.0,0,0,56.5,1,0,0,1,0,0,0,0,1,0,0,1,0,0,0,0.800128721
9,0.8,3.94,,2400,0,0.0,0,0,8.0,1,0,0,1,0,0,0,1,0,0,0,0,0,0,1,0.827147436
4,0.8,4.3,,1440,0,0.0,0,0,12.0,1,0,0,0,1,0,0,1,0,0,0,0,0,1,0,0.940625
6,0.8,2.9,,1440,0,0.0,0,0,12.0,2,0,0,1,0,0,1,0,0,0,0,0,0,0,1,0.9368611109999999
3,0.8,22.52,1112.0,6840,100,0.0,0,0,57.0,2,1,0,0,0,0,0,0,1,0,0,0,0,1,0,0.950185965
1,0.7,26.82,1772.0,6960,50,0.0,0,0,58.0,3,1,0,0,0,0,0,0,1,0,0,0,0,0,1,0.750651724
5,0.65,20.79,1141.0,8460,0,0.0,0,0,59.0,1,0,1,0,0,0,0,0,1,1,0,0,0,0,0,0.650040783
1,0.8,22.52,1485.0,6900,113,0.0,0,0,57.5,2,1,0,0,0,0,0,0,1,0,0,0,1,0,0,1.000018551
1,0.8,26.16,1383.0,10620,75,0.0,0,0,59.0,1,0,1,0,0,0,0,0,1,0,0,1,0,0,0,0.850502311
9,0.8,3.94,,960,0,0.0,0,0,8.0,2,0,1,0,0,0,1,0,0,1,0,0,0,0,0,0.697708333
9,0.75,29.12,8992.0,6960,55,0.0,0,0,58.0,2,1,0,0,0,0,0,0,1,1,0,0,0,0,0,0.7999632179999999
4,0.8,28.08,660.0,10440,63,0.0,0,0,58.0,1,0,1,0,0,0,0,0,1,0,1,0,0,0,0,0.8010282129999999
4,0.8,4.3,,1440,0,0.0,0,0,12.0,2,1,0,0,0,0,0,1,0,1,0,0,0,0,0,0.8092361109999999
5,0.8,30.1,680.0,7140,0,0.0,0,0,59.0,2,0,0,1,0,0,0,0,1,0,0,0,0,1,0,0.653431373
2,0.7,3.9,,1200,0,0.0,0,0,10.0,3,1,0,0,0,0,1,0,0,1,0,0,0,0,0,0.92885
2,0.8,22.52,1397.0,6840,113,0.0,0,0,57.0,1,0,0,0,0,1,0,0,1,0,1,0,0,0,0,1.000230409
6,0.75,18.79,52.0,3960,0,0.0,0,0,33.0,3,1,0,0,0,0,0,0,1,0,0,0,0,0,1,0.332146465
2,0.75,22.94,1636.0,10530,81,0.0,0,0,58.5,1,0,0,0,1,0,0,0,1,0,0,1,0,0,0,0.850223776
7,0.8,25.9,970.0,10170,60,0.0,0,0,56.5,1,0,1,0,0,0,0,0,1,0,1,0,0,0,0,0.850136766
3,0.75,3.94,,1620,0,0.0,0,0,9.0,1,0,0,0,1,0,0,1,0,0,0,1,0,0,0,0.961784512
5,0.65,26.82,1001.0,7080,26,0.0,0,1,59.0,3,0,1,0,0,0,0,0,1,0,0,0,0,1,0,0.6500440679999999
1,0.5,3.94,,3360,0,0.0,0,0,8.0,2,0,0,0,1,0,1,0,0,0,0,0,1,0,0,0.768847222
9,0.6,29.12,925.0,6660,23,0.0,0,0,58.0,1,0,0,0,1,0,0,0,1,0,1,0,0,0,0,0.600125217
2,0.75,22.94,1764.0,10260,55,0.0,0,0,57.0,1,0,0,0,1,0,0,0,1,1,0,0,0,0,0,0.800034024
10,0.8,3.94,,1200,0,0.0,0,0,10.0,1,0,0,0,1,0,0,1,0,0,0,0,0,0,1,0.840533333
6,0.75,2.9,,960,0,0.0,0,0,8.0,2,1,0,0,0,0,1,0,0,0,1,0,0,0,0,0.845833333
7,0.8,2.9,,1440,0,0.0,0,0,8.0,1,0,0,1,0,0,0,1,0,0,1,0,0,0,0,0.661837121
11,0.75,4.15,,1800,0,0.0,0,0,10.0,1,0,0,0,1,0,0,1,0,0,1,0,0,0,0,0.8960227270000001
10,0.8,22.52,21540.0,6720,88,0.0,0,0,56.0,2,1,0,0,0,0,0,0,1,1,0,0,0,0,0,0.900129762
5,0.7,4.15,,240,0,0.0,0,0,2.0,2,0,1,0,0,0,1,0,0,0,0,0,1,0,0,0.58
6,0.8,11.41,1028.0,4380,50,0.0,0,0,31.0,1,0,0,1,0,0,0,0,1,1,0,0,0,0,0,0.800358775
10,0.8,28.08,762.0,10530,38,0.0,0,0,58.5,1,0,1,0,0,0,0,0,1,0,0,1,0,0,0,0.8
1,0.6,3.94,,3360,0,0.0,0,0,8.0,3,1,0,0,0,0,1,0,0,0,0,1,0,0,0,0.448722222
1,0.8,22.52,1416.0,6840,113,0.0,0,0,57.0,2,0,1,0,0,0,0,0,1,0,1,0,0,0,0,1.000230409
2,0.8,3.94,,1440,0,0.0,0,0,8.0,1,0,1,0,0,0,0,1,0,0,0,0,0,1,0,0.805909091
4,0.7,26.82,1117.0,7080,50,0.0,0,0,59.0,3,1,0,0,0,0,0,0,1,0,0,0,1,0,0,0.750050847
7,0.6,22.52,1859.0,10260,23,0.0,0,0,57.0,1,0,0,0,1,0,0,0,1,0,0,0,1,0,0,0.60041361
12,0.8,4.6,,3780,0,0.0,0,0,9.0,3,1,0,0,0,0,1,0,0,0,0,0,0,1,0,0.636049383
7,0.8,25.9,1255.0,6780,50,0.0,0,0,56.5,1,1,0,0,0,0,0,0,1,1,0,0,0,0,0,0.8006843659999999
10,0.7,19.68,1119.0,5640,0,8.0,35,1,47.0,2,0,0,1,0,0,0,0,1,0,0,0,0,0,1,0.303574468
7,0.8,2.9,,1440,0,0.0,0,0,8.0,1,0,0,1,0,0,0,1,0,0,0,1,0,0,0,0.692045455
11,0.35,14.61,838.0,7200,23,0.0,0,0,55.0,1,0,1,0,0,0,0,0,1,0,0,0,0,0,1,0.35003125
8,0.7,4.15,,3000,0,0.0,0,0,25.0,2,1,0,0,0,0,1,0,0,0,0,0,0,0,1,0.915766667
10,0.75,28.08,1144.0,10530,69,0.0,0,0,58.5,1,1,0,0,0,0,0,0,1,0,0,0,0,0,1,0.8
2,0.8,3.94,,2160,0,0.0,0,0,18.0,2,0,1,0,0,0,1,0,0,0,0,0,0,0,1,0.912037037
1,0.8,3.94,,2160,0,0.0,0,0,8.0,1,0,1,0,0,0,0,1,0,0,1,0,0,0,0,0.985
4,0.75,30.1,912.0,7020,0,0.0,0,1,58.0,2,0,0,1,0,0,0,0,1,1,0,0,0,0,0,0.750356125
9,0.5,29.12,970.0,10440,30,0.0,0,0,58.0,1,0,0,0,1,0,0,0,1,0,0,0,1,0,0,0.500547544
2,0.7,3.9,,960,0,0.0,0,0,8.0,2,0,0,0,1,0,1,0,0,0,0,0,0,1,0,0.325
1,0.8,26.16,1092.0,10620,63,0.0,0,0,59.0,1,0,1,0,0,0,0,0,1,0,0,0,0,0,1,0.8001171029999999
1,0.75,3.94,,960,0,0.0,0,0,8.0,3,0,1,0,0,0,1,0,0,0,0,1,0,0,0,0.890604167
2,0.7,30.33,254.0,1800,0,0.0,0,0,58.0,3,1,0,0,0,0,0,0,1,0,0,1,0,0,0,0.683550607
12,0.75,15.26,1209.0,4200,45,0.0,0,0,35.0,1,0,0,0,0,1,0,0,1,0,1,0,0,0,0,0.750646667
6,0.8,30.4,338.0,3840,34,0.0,0,0,32.0,1,0,0,0,1,0,0,0,1,0,0,0,0,1,0,0.622828125
5,0.7,20.79,391.0,10440,0,0.0,0,0,58.0,1,0,0,1,0,0,0,0,1,0,0,0,1,0,0,0.700060345
6,0.75,18.79,640.0,2400,0,0.0,0,0,34.0,2,0,1,0,0,0,0,0,1,0,0,0,0,1,0,0.750797009
1,0.65,22.94,1595.0,10260,34,0.0,0,0,57.0,1,0,0,1,0,0,0,0,1,0,0,0,0,0,1,0.700029771
1,0.75,3.94,,2280,0,0.0,0,0,19.0,2,1,0,0,0,0,0,1,0,0,0,1,0,0,0,0.9504385959999999
1,0.75,22.94,1579.0,6960,81,0.0,0,0,58.0,1,0,0,0,0,1,0,0,1,0,0,0,1,0,0,0.8503620690000001
4,0.8,22.52,23122.0,5940,50,0.0,0,0,56.5,2,1,0,0,0,0,0,0,1,1,0,0,0,0,0,0.800393224
1,0.8,49.1,1381.0,10350,24,0.0,0,0,57.5,1,0,0,1,0,0,0,0,1,0,0,1,0,0,0,0.403242161
5,0.7,41.19,1052.0,10440,21,0.0,0,0,58.0,1,0,0,1,0,0,0,0,1,0,1,0,0,0,0,0.452012539
6,0.8,18.79,656.0,3480,38,0.0,0,0,34.0,2,0,1,0,0,0,0,0,1,0,0,0,0,0,1,0.800947475
8,0.7,30.1,507.0,5880,40,2.0,10,1,59.0,2,0,0,1,0,0,0,0,1,0,0,1,0,0,0,0.7005730990000001
6,0.75,18.79,899.0,3960,56,0.0,0,0,33.0,2,0,0,1,0,0,0,0,1,0,0,0,1,0,0,0.75065101
6,0.8,18.79,779.0,3960,0,0.0,0,0,33.0,2,0,1,0,0,0,0,0,1,0,0,0,1,0,0,0.688017677
7,0.65,3.94,,2160,0,0.0,0,0,12.0,1,0,0,0,1,0,0,1,0,0,1,0,0,0,0,0.8705808079999999
3,0.8,30.1,756.0,6960,63,0.0,0,1,58.0,3,0,1,0,0,0,0,0,1,0,0,0,0,1,0,0.800071839
5,0.7,20.79,965.0,7320,0,0.0,0,0,58.0,1,0,1,0,0,0,0,0,1,0,0,0,0,0,1,0.700095563
8,0.6,30.48,869.0,6720,0,0.0,0,1,56.0,3,0,1,0,0,0,0,0,1,0,0,1,0,0,0,0.600528571
10,0.8,22.52,1127.0,120,88,0.0,0,0,56.0,2,0,1,0,0,0,0,0,1,1,0,0,0,0,0,0.9008
6,0.75,2.9,,3360,0,0.0,0,0,8.0,2,0,0,0,1,0,1,0,0,0,1,0,0,0,0,0.271875
1,0.8,22.52,1534.0,6780,88,0.0,0,0,57.0,2,1,0,0,0,0,0,0,1,0,1,0,0,0,0,0.900135693
6,0.8,2.9,,960,0,0.0,0,0,8.0,2,0,0,1,0,0,1,0,0,0,0,1,0,0,0,0.604166667
7,0.75,4.6,,960,0,0.0,0,0,8.0,2,0,0,0,1,0,1,0,0,0,0,0,0,0,1,0.676666667
4,0.35,4.3,,2160,0,0.0,0,0,12.0,1,0,1,0,0,0,0,1,0,0,0,0,0,1,0,0.952020202
11,0.75,11.41,826.0,2820,0,0.0,0,2,58.0,2,0,0,0,1,0,0,0,1,1,0,0,0,0,0,0.7502939390000001
12,0.75,15.26,1436.0,4200,45,0.0,0,0,35.0,1,0,0,0,0,1,0,0,1,0,0,0,1,0,0,0.750646667
1,0.7,22.94,1745.0,10440,60,0.0,0,0,58.0,1,0,0,0,1,0,0,0,1,1,0,0,0,0,0,0.8000235109999999
2,0.8,5.13,,4800,0,0.0,0,0,20.0,2,0,0,0,1,0,1,0,0,0,0,1,0,0,0,0.8300625
9,0.8,3.94,,1800,0,0.0,0,0,10.0,1,0,0,1,0,0,0,1,0,0,0,0,0,1,0,0.72830303
2,0.75,16.1,971.0,5400,45,0.0,0,1,45.0,3,0,1,0,0,0,0,0,1,0,0,0,0,0,1,0.7501407409999999
1,0.75,3.94,,1800,0,0.0,0,0,15.0,1,0,0,0,0,1,0,1,0,0,1,0,0,0,0,0.971866667
3,0.75,19.87,1075.0,7080,45,0.0,0,0,56.0,1,0,1,0,0,0,0,0,1,0,1,0,0,0,0,0.7500983509999999
4,0.65,23.69,861.0,7200,0,0.0,0,0,60.0,1,1,0,0,0,0,0,0,1,0,0,0,1,0,0,0.52118
8,0.65,3.9,,0,960,0.0,0,0,8.0,3,0,1,0,0,0,1,0,0,1,0,0,0,0,0,0.2640625
6,0.35,2.9,,1800,0,0.0,0,0,15.0,1,0,0,0,1,0,0,1,0,0,0,0,0,0,1,0.977555556
3,0.75,19.87,944.0,6600,45,0.0,0,0,55.0,1,1,0,0,0,0,0,0,1,1,0,0,0,0,0,0.75024303
10,0.8,3.94,,1440,0,0.0,0,0,8.0,1,0,1,0,0,0,0,1,0,1,0,0,0,0,0,0.24625
9,0.75,18.79,895.0,6240,34,0.0,0,0,52.0,3,1,0,0,0,0,0,0,1,0,0,1,0,0,0,0.750395513
11,0.75,11.41,834.0,3480,0,0.0,0,2,58.0,2,0,0,0,1,0,0,0,1,0,0,1,0,0,0,0.672140805
10,0.8,50.48,381.0,6930,45,0.0,0,0,58.5,1,0,1,0,0,0,0,0,1,1,0,0,0,0,0,0.688557555
9,0.8,26.16,1381.0,3660,50,0.0,0,0,59.0,1,0,0,1,0,0,0,0,1,0,0,1,0,0,0,0.8000150090000001
7,0.8,4.6,,4200,0,0.0,0,0,10.0,3,1,0,0,0,0,1,0,0,0,0,0,0,1,0,0.999533333
9,0.8,3.94,,1800,0,0.0,0,0,10.0,1,0,0,1,0,0,0,1,0,0,0,1,0,0,0,0.582045455
1,0.75,28.08,681.0,6900,45,0.0,0,0,57.5,1,1,0,0,0,0,0,0,1,0,0,0,1,0,0,0.7504278259999999
5,0.7,21.98,413.0,9720,40,0.0,0,0,58.0,1,1,0,0,0,0,0,0,1,0,0,0,0,0,1,0.7004808309999999
8,0.65,3.9,,960,0,0.0,0,0,8.0,3,0,1,0,0,0,1,0,0,0,0,0,0,1,0,0.560625
7,0.75,30.1,627.0,6960,0,3.5,20,1,58.0,2,0,0,0,1,0,0,0,1,0,0,1,0,0,0,0.39354885100000003
10,0.8,22.52,1188.0,6720,90,0.0,0,0,56.0,2,1,0,0,0,0,0,0,1,0,0,0,0,1,0,0.999995238
6,0.7,18.79,766.0,2760,30,0.0,0,0,33.0,2,1,0,0,0,0,0,0,1,0,0,0,1,0,0,0.700079032
5,0.7,4.15,,3060,0,0.0,0,0,17.0,1,0,0,0,1,0,0,1,0,0,0,1,0,0,0,0.9737967909999999
9,0.8,26.16,1369.0,10620,63,0.0,0,0,59.0,1,0,0,1,0,0,0,0,1,0,0,0,1,0,0,0.8001171029999999
5,0.7,4.15,,2700,0,0.0,0,0,15.0,1,0,0,0,1,0,0,1,0,0,1,0,0,0,0,0.966666667
3,0.5,4.15,,960,0,0.0,0,0,8.0,2,0,0,1,0,0,1,0,0,1,0,0,0,0,0,0.864583333
5,0.6,21.98,666.0,6960,23,0.0,0,0,58.0,1,1,0,0,0,0,0,0,1,1,0,0,0,0,0,0.6000287360000001
10,0.7,21.82,1335.0,6000,30,0.0,0,0,50.0,3,0,1,0,0,0,0,0,1,0,0,1,0,0,0,0.700422
12,0.8,11.61,1159.0,2970,50,0.0,0,0,31.5,1,0,1,0,0,0,0,0,1,0,0,0,0,0,1,0.800313433
11,0.8,10.05,13.0,3240,34,0.0,0,0,54.0,2,0,1,0,0,0,0,0,1,0,0,0,0,1,0,0.750648148
11,0.5,11.41,1039.0,2280,0,0.0,0,2,55.0,2,0,1,0,0,0,0,0,1,0,0,0,1,0,0,0.50012336
5,0.7,30.1,773.0,7020,40,0.0,0,0,58.0,2,0,1,0,0,0,0,0,1,1,0,0,0,0,0,0.700618234
12,0.7,15.26,1462.0,4080,40,0.0,0,0,34.0,1,0,0,0,1,0,0,0,1,0,0,0,0,1,0,0.7001647059999999
9,0.8,26.16,399.0,10620,63,0.0,0,0,59.0,1,0,0,1,0,0,0,0,1,0,0,0,0,1,0,0.8001171029999999
1,0.75,3.94,,1920,0,0.0,0,0,8.0,3,0,1,0,0,0,1,0,0,0,0,0,0,0,1,0.812625
9,0.75,3.94,,960,0,0.0,0,0,8.0,2,1,0,0,0,0,0,1,0,1,0,0,0,0,0,0.994270833
6,0.75,2.9,,3360,0,0.0,0,0,8.0,3,1,0,0,0,0,1,0,0,0,0,0,0,1,0,0.309333333
2,0.7,3.9,,1200,0,0.0,0,0,10.0,3,0,1,0,0,0,1,0,0,0,0,1,0,0,0,0.884
9,0.75,18.79,1096.0,6240,34,0.0,0,0,52.0,3,1,0,0,0,0,0,0,1,0,0,0,0,1,0,0.750395513
11,0.75,10.05,668.0,2520,34,0.0,0,0,26.0,2,1,0,0,0,0,0,0,1,0,0,0,1,0,0,0.7504
10,0.7,22.52,1206.0,10080,75,0.0,0,0,56.0,1,0,0,1,0,0,0,0,1,0,0,0,0,0,1,0.800020563
1,0.8,3.94,,1440,0,0.0,0,0,8.0,1,0,0,1,0,0,0,1,0,0,1,0,0,0,0,0.8842613640000001
6,0.6,18.79,799.0,3960,23,0.0,0,0,33.0,1,0,0,0,0,1,0,0,1,0,1,0,0,0,0,0.600710606
8,0.65,24.26,1435.0,6600,0,0.0,0,0,55.0,2,1,0,0,0,0,0,0,1,1,0,0,0,0,0,0.260978788
12,0.8,15.26,1079.0,3720,38,0.0,0,0,34.0,2,0,0,1,0,0,0,0,1,1,0,0,0,0,0,0.800312375
8,0.6,3.9,,960,0,0.0,0,0,8.0,3,0,1,0,0,0,1,0,0,0,0,1,0,0,0,0.4509375
3,0.8,5.13,,2160,0,0.0,0,0,18.0,2,0,0,0,1,0,1,0,0,1,0,0,0,0,0,0.87115
10,0.65,18.22,741.0,0,0,8.0,35,1,49.0,2,0,0,1,0,0,0,0,1,0,0,0,0,1,0,0.302117347
10,0.8,22.52,1268.0,0,88,0.0,0,0,56.0,2,0,1,0,0,0,0,0,1,0,0,0,0,1,0,0.90063244
10,0.7,3.94,,4320,0,0.0,0,0,18.0,1,1,0,0,0,0,0,1,0,0,0,1,0,0,0,0.759228395
12,0.8,4.08,,1080,0,0.0,0,0,9.0,2,1,0,0,0,0,0,1,0,0,0,0,0,0,1,0.687555556
1,0.8,26.16,1073.0,10620,75,0.0,0,0,59.0,1,0,1,0,0,0,0,0,1,0,0,0,0,1,0,0.850502311
5,0.5,3.94,,960,0,0.0,0,0,8.0,3,0,1,0,0,0,1,0,0,0,0,1,0,0,0,0.857916667
11,0.7,25.31,946.0,5760,60,0.0,0,0,54.0,2,1,0,0,0,0,0,0,1,0,0,0,0,1,0,0.7005135659999999
12,0.8,15.26,961.0,4080,50,0.0,0,0,34.0,3,1,0,0,0,0,0,0,1,0,0,0,0,0,1,0.8004019609999999
9,0.8,3.94,,2400,0,0.0,0,0,10.0,2,0,0,0,1,0,1,0,0,0,0,1,0,0,0,0.753525
7,0.8,30.1,644.0,840,38,0.0,0,1,59.0,2,0,0,0,1,0,0,0,1,0,1,0,0,0,0,0.7999828529999999
5,0.65,4.15,,1440,0,0.0,0,0,8.0,1,0,1,0,0,0,0,1,0,0,0,0,0,1,0,0.8213541670000001
11,0.7,11.41,685.0,3360,30,0.0,0,2,56.0,2,0,0,1,0,0,0,0,1,0,0,0,0,0,1,0.8211125
6,0.8,11.41,887.0,5490,50,0.0,0,0,30.5,1,0,1,0,0,0,0,0,1,0,0,1,0,0,0,0.8003437659999999
7,0.8,2.9,,960,0,0.0,0,0,8.0,1,1,0,0,0,0,0,1,0,0,0,1,0,0,0,0.667604167
12,0.6,15.26,1245.0,6360,23,0.0,0,0,34.0,1,0,0,1,0,0,0,0,1,0,0,0,0,0,1,0.60017284
3,0.75,4.15,,1440,0,0.0,0,0,8.0,1,0,1,0,0,0,0,1,0,0,0,1,0,0,0,0.93532197
1,0.8,22.52,1500.0,6900,113,0.0,0,0,57.5,2,1,0,0,0,0,0,0,1,0,0,0,0,1,0,1.000018551
2,0.8,4.15,,960,0,0.0,0,0,8.0,1,1,0,0,0,0,0,1,0,0,1,0,0,0,0,0.782447917
6,0.8,11.61,910.0,4470,38,0.0,0,0,31.5,1,1,0,0,0,0,0,0,1,0,0,0,0,1,0,0.80007657
12,0.8,4.08,,1080,0,0.0,0,0,9.0,2,0,1,0,0,0,1,0,0,1,0,0,0,0,0,0.272
8,0.35,30.1,901.0,6960,0,0.0,0,1,58.0,2,0,1,0,0,0,0,0,1,1,0,0,0,0,0,0.350301724
6,0.8,11.61,955.0,6360,63,0.0,0,0,32.0,1,0,0,0,1,0,0,0,1,0,0,0,1,0,0,0.8001919890000001
8,0.7,29.4,1146.0,6840,40,0.0,0,2,57.0,2,0,0,0,1,0,0,0,1,0,0,1,0,0,0,0.700614035
12,0.8,15.26,1133.0,4080,38,0.0,0,0,34.0,2,0,0,1,0,0,0,0,1,0,0,0,0,1,0,0.8004019609999999
4,0.8,28.08,942.0,10530,75,0.0,0,0,58.5,1,0,1,0,0,0,0,0,1,0,0,0,1,0,0,0.8501818179999999
11,0.8,11.61,632.0,0,50,0.0,0,0,57.0,3,1,0,0,0,0,0,0,1,1,0,0,0,0,0,0.800309211
1,0.8,26.16,1187.0,10620,75,0.0,0,0,59.0,1,1,0,0,0,0,0,0,1,0,0,0,0,1,0,0.850502311
9,0.75,18.79,1228.0,6240,45,0.0,0,0,52.0,3,1,0,0,0,0,0,0,1,0,0,0,1,0,0,0.750395513
8,0.8,2.9,,1440,0,0.0,0,0,8.0,1,0,1,0,0,0,0,1,0,0,0,1,0,0,0,0.653598485
1,0.65,3.94,,3360,0,0.0,0,0,8.0,3,1,0,0,0,0,1,0,0,1,0,0,0,0,0,0.537919444
7,0.8,2.9,,1440,0,0.0,0,0,8.0,1,0,1,0,0,0,0,1,0,0,0,1,0,0,0,0.590435606
7,0.65,3.94,,1440,0,0.0,0,0,8.0,1,0,0,0,1,0,0,1,0,1,0,0,0,0,0,0.646306818
1,0.7,22.94,1384.0,12180,63,0.0,0,0,57.0,1,0,0,0,1,0,0,0,1,0,0,0,1,0,0,0.750162367
10,0.75,3.94,,1440,0,0.0,0,0,8.0,1,1,0,0,0,0,0,1,0,0,0,0,0,0,1,0.805909091
10,0.7,3.94,,1440,0,0.0,0,0,8.0,1,0,0,1,0,0,0,1,0,0,0,1,0,0,0,0.235795455
8,0.7,30.48,914.0,6840,30,0.0,0,1,57.0,3,0,1,0,0,0,0,0,1,0,0,0,0,0,1,0.7005052629999999
5,0.35,3.94,,2400,0,0.0,0,0,10.0,3,1,0,0,0,0,1,0,0,0,1,0,0,0,0,0.80575
12,0.8,4.6,,2160,0,0.0,0,0,9.0,3,0,1,0,0,0,1,0,0,0,0,0,0,0,1,0.922839506
11,0.7,20.55,9792.0,6480,60,0.0,0,0,54.0,2,1,0,0,0,0,0,0,1,1,0,0,0,0,0,0.700398148
10,0.75,2.9,,960,0,0.0,0,0,8.0,3,0,1,0,0,0,1,0,0,0,0,0,0,0,1,0.6283333329999999
9,0.8,2.9,,960,0,0.0,0,0,8.0,2,0,0,0,1,0,1,0,0,1,0,0,0,0,0,0.3715625
3,0.5,5.13,,1800,0,0.0,0,0,15.0,2,0,0,0,1,0,1,0,0,0,0,1,0,0,0,0.8721
3,0.8,19.87,857.0,9900,50,0.0,0,0,55.0,1,0,1,0,0,0,0,0,1,0,0,0,1,0,0,0.8002738290000001
2,0.4,15.28,157.0,5400,0,6.5,30,1,45.0,3,1,0,0,0,0,0,0,1,0,0,0,0,1,0,0.30277037
12,0.8,4.08,,1080,0,0.0,0,0,9.0,2,0,1,0,0,0,1,0,0,0,0,1,0,0,0,0.8915555559999999
10,0.8,3.94,,2400,0,0.0,0,0,20.0,2,0,0,0,1,0,1,0,0,1,0,0,0,0,0,0.9557916670000001
4,0.75,3.94,,960,0,0.0,0,0,8.0,3,0,1,0,0,0,1,0,0,0,0,0,0,1,0,0.881575
8,0.8,2.9,,1440,0,0.0,0,0,8.0,1,0,1,0,0,0,0,1,0,0,0,0,0,0,1,0.667329545
4,0.8,30.1,901.0,6480,50,0.0,0,1,59.0,2,0,0,0,1,0,0,0,1,0,0,0,0,1,0,0.800071839
1,0.6,22.53,708.0,5040,0,0.0,0,1,42.0,2,0,0,0,1,0,0,0,1,0,0,0,0,1,0,0.268214286
4,0.7,22.52,983.0,10260,63,0.0,0,0,57.0,1,0,0,1,0,0,0,0,1,0,0,0,0,1,0,0.750068049
12,0.8,15.26,1064.0,4080,63,0.0,0,0,34.0,3,0,1,0,0,0,0,0,1,0,0,1,0,0,0,0.8004019609999999
5,0.7,27.48,541.0,6960,24,0.0,0,1,58.0,3,1,0,0,0,0,0,0,1,0,1,0,0,0,0,0.408960345
3,0.75,22.52,1584.0,10260,69,0.0,0,0,57.0,1,0,0,0,1,0,0,0,1,1,0,0,0,0,0,0.80035194
3,0.8,3.94,,960,0,0.0,0,0,8.0,1,0,0,0,0,1,0,1,0,0,0,0,1,0,0,0.4925
5,0.6,20.79,1045.0,6960,88,0.0,0,0,58.0,1,0,0,0,1,0,0,0,1,0,0,0,0,0,1,0.800534483
2,0.8,51.02,1086.0,4260,27,0.0,0,0,57.0,1,0,1,0,0,0,0,0,1,0,0,0,0,0,1,0.311207464
5,0.65,4.15,,1440,0,0.0,0,0,8.0,1,0,1,0,0,0,0,1,0,1,0,0,0,0,0,0.809564394
12,0.6,4.08,,5400,0,0.0,0,0,9.0,1,0,0,0,1,0,0,1,0,0,0,0,1,0,0,0.327407407
6,0.8,2.9,,960,0,0.0,0,0,8.0,2,0,0,0,1,0,1,0,0,1,0,0,0,0,0,0.3715625
2,0.7,3.9,,0,1200,0.0,0,0,10.0,3,0,1,0,0,0,1,0,0,1,0,0,0,0,0,0.6825
7,0.7,24.26,1471.0,6960,0,0.0,0,0,58.0,2,1,0,0,0,0,0,0,1,0,0,0,0,0,1,0.7006120690000001
4,0.5,26.66,556.0,6960,23,0.0,0,2,58.0,2,0,0,0,1,0,0,0,1,0,1,0,0,0,0,0.500258046
11,0.35,11.41,434.0,3240,0,0.0,0,1,52.0,2,0,1,0,0,0,0,0,1,0,0,0,0,0,1,0.507903226
4,0.5,30.1,417.0,6360,23,0.0,0,1,53.0,2,1,0,0,0,0,0,0,1,0,0,0,1,0,0,0.500720126
2,0.7,16.1,928.0,4800,30,0.0,0,1,45.0,3,0,1,0,0,0,0,0,1,0,0,1,0,0,0,0.700106061
1,0.7,3.94,,1440,0,0.0,0,0,8.0,1,0,0,0,1,0,0,1,0,0,1,0,0,0,0,0.578314394
6,0.8,2.9,,960,0,0.0,0,0,8.0,2,0,0,1,0,0,1,0,0,1,0,0,0,0,0,0.773333333
8,0.7,29.4,1079.0,4560,40,0.0,0,2,58.0,2,0,0,0,1,0,0,0,1,0,0,0,0,1,0,0.7005185190000001
7,0.75,30.1,739.0,5640,45,0.0,0,1,59.0,2,0,0,0,1,0,0,0,1,0,0,0,0,1,0,0.7507273259999999
8,0.8,2.9,,960,0,0.0,0,0,8.0,1,1,0,0,0,0,0,1,0,0,1,0,0,0,0,0.6283333329999999
7,0.7,24.26,658.0,6960,0,270.0,45,0,58.0,2,1,0,0,0,0,0,0,1,0,1,0,0,0,0,0.662270115
4,0.8,4.3,,1440,0,0.0,0,0,12.0,2,1,0,0,0,0,0,1,0,0,0,0,0,1,0,0.5375
10,0.75,3.94,,8400,0,0.0,0,0,14.0,1,0,0,0,1,0,0,1,0,0,0,0,1,0,0,0.9407010579999999
12,0.75,15.26,1316.0,6120,40,0.0,0,0,34.0,1,0,0,0,1,0,0,0,1,0,1,0,0,0,0,0.750079323
4,0.65,22.52,872.0,10080,26,0.0,0,0,56.0,1,0,0,1,0,0,0,0,1,0,0,0,1,0,0,0.650130952
2,0.8,3.94,,1440,0,0.0,0,0,8.0,1,1,0,0,0,0,0,1,0,0,0,0,0,0,1,0.8133712120000001
5,0.7,20.4,1382.0,10440,50,0.0,0,0,58.0,1,0,0,0,1,0,0,0,1,0,1,0,0,0,0,0.7002507840000001
2,0.5,30.33,838.0,6720,0,0.0,0,1,56.0,2,0,0,1,0,0,0,0,1,0,0,0,0,1,0,0.361071429
1,0.7,22.94,1472.0,10260,75,0.0,0,0,57.0,1,0,0,0,1,0,0,0,1,0,1,0,0,0,0,0.800643806
8,0.7,4.15,,960,0,0.0,0,0,8.0,2,1,0,0,0,0,0,1,0,0,0,0,0,1,0,0.976979167
7,0.8,2.9,,1440,0,0.0,0,0,8.0,1,0,1,0,0,0,0,1,0,0,1,0,0,0,0,0.670075758
9,0.8,26.16,1227.0,7080,75,0.0,0,0,59.0,1,1,0,0,0,0,0,0,1,1,0,0,0,0,0,0.850569492
11,0.7,4.15,,1440,0,0.0,0,0,12.0,1,1,0,0,0,0,1,0,0,0,0,0,1,0,0,0.436326389
2,0.5,22.94,1044.0,9810,23,0.0,0,0,54.5,1,0,0,1,0,0,0,0,1,0,0,0,1,0,0,0.499998888
2,0.8,3.94,,2640,0,0.0,0,0,22.0,2,1,0,0,0,0,1,0,0,0,0,0,1,0,0,0.9999242420000001
8,0.65,3.94,,960,0,0.0,0,0,8.0,1,0,0,0,1,0,0,1,0,0,0,0,0,1,0,0.845458333
8,0.7,5.13,,960,0,0.0,0,0,8.0,2,0,0,0,1,0,1,0,0,1,0,0,0,0,0,0.930416667
6,0.8,11.61,1181.0,5760,63,0.0,0,0,32.0,1,0,0,0,1,0,0,0,1,0,0,1,0,0,0,0.8003863640000001
5,0.6,26.82,919.0,7080,23,0.0,0,1,59.0,3,0,1,0,0,0,0,0,1,1,0,0,0,0,0,0.6000406779999999
9,0.75,3.94,,240,0,0.0,0,0,2.0,1,0,0,0,0,1,0,1,0,0,1,0,0,0,0,0.971866667
9,0.65,18.79,2120.0,5520,0,0.0,0,1,51.0,2,0,0,1,0,0,0,0,1,0,0,0,0,1,0,0.650134
9,0.8,26.16,1232.0,10620,75,0.0,0,0,59.0,1,0,1,0,0,0,0,0,1,0,0,0,0,0,1,0.850502311
4,0.75,5.13,,960,0,0.0,0,0,8.0,2,0,0,1,0,0,1,0,0,0,0,0,0,0,1,0.734645833
6,0.8,11.61,1004.0,5670,50,0.0,0,0,31.5,1,0,1,0,0,0,0,0,1,0,0,0,0,1,0,0.8002467529999999
2,0.65,22.94,1025.0,10170,26,0.0,0,0,56.5,1,0,0,1,0,0,0,0,1,0,0,1,0,0,0,0.6502434970000001
2,0.8,28.08,776.0,10350,63,0.0,0,0,57.5,1,1,0,0,0,0,0,0,1,0,0,0,0,0,1,0.800594466
8,0.6,15.09,1519.0,360,23,0.0,0,0,52.0,1,0,0,0,1,0,0,0,1,1,0,0,0,0,0,0.600143365
11,0.75,10.05,629.0,3240,45,0.0,0,0,27.0,2,0,1,0,0,0,0,0,1,0,0,1,0,0,0,0.750027778
8,0.8,29.4,30.0,6840,0,0.0,0,0,57.0,3,1,0,0,0,0,0,0,1,0,0,0,0,0,1,0.433263158
6,0.8,2.9,,4320,0,0.0,0,0,18.0,2,0,0,1,0,0,1,0,0,0,0,0,1,0,0,0.785864198
1,0.8,3.94,,1200,0,0.0,0,0,10.0,2,1,0,0,0,0,0,1,0,0,0,0,0,1,0,0.99485
2,0.7,22.94,1363.0,10260,50,0.0,0,0,57.0,1,0,0,1,0,0,0,0,1,0,0,0,0,1,0,0.7500318979999999
4,0.75,22.52,727.0,10260,94,0.0,0,0,57.0,1,0,0,0,1,0,0,0,1,0,1,0,0,0,0,0.9003211059999999
5,0.65,20.4,1255.0,8280,35,0.0,0,0,58.0,1,0,0,1,0,0,0,0,1,1,0,0,0,0,0,0.650066445
8,0.65,30.48,953.0,6720,26,0.0,0,1,56.0,3,0,1,0,0,0,0,0,1,1,0,0,0,0,0,0.650421429
8,0.65,30.1,1193.0,7080,0,0.0,0,1,59.0,2,0,1,0,0,0,0,0,1,0,0,0,1,0,0,0.463403955
4,0.75,5.13,,1920,0,0.0,0,0,8.0,2,0,0,1,0,0,1,0,0,0,0,0,1,0,0,0.6840277779999999
7,0.75,30.1,553.0,2280,45,0.0,0,1,59.0,2,0,0,1,0,0,0,0,1,0,0,0,0,0,1,0.75053268
4,0.6,22.4,816.0,5100,23,0.0,0,0,57.0,1,0,1,0,0,0,0,0,1,0,0,0,0,0,1,0.6003696860000001
9,0.8,29.12,1263.0,2160,38,0.0,0,0,58.0,2,0,1,0,0,0,0,0,1,0,0,0,0,1,0,0.8008
2,0.7,30.33,577.0,2160,30,0.0,0,1,58.0,2,0,0,0,1,0,0,0,1,1,0,0,0,0,0,0.700623
7,0.5,30.48,1161.0,6600,0,0.0,0,1,55.0,3,0,1,0,0,0,0,0,1,1,0,0,0,0,0,0.5006109089999999
9,0.8,3.94,,960,0,0.0,0,0,8.0,2,0,0,1,0,0,1,0,0,0,0,0,0,1,0,0.586041667
12,0.8,15.26,1120.0,1440,50,0.0,0,0,34.0,2,0,0,1,0,0,0,0,1,0,0,1,0,0,0,0.8008063059999999
3,0.7,22.52,1134.0,8460,50,0.0,0,0,57.0,1,0,0,1,0,0,0,0,1,0,0,0,0,1,0,0.750037968
8,0.8,2.9,,1440,0,0.0,0,0,8.0,1,0,0,1,0,0,0,1,0,1,0,0,0,0,0,0.683806818
5,0.7,27.48,586.0,6960,40,0.0,0,0,58.0,3,1,0,0,0,0,0,0,1,0,0,0,0,0,1,0.7004241379999999
1,0.8,3.94,,1440,0,0.0,0,0,8.0,1,0,0,1,0,0,0,1,0,0,0,0,1,0,0,0.8842613640000001
6,0.75,18.79,1193.0,3960,45,0.0,0,0,33.0,3,1,0,0,0,0,0,0,1,0,0,1,0,0,0,0.75065101
9,0.8,3.94,,960,0,0.0,0,0,8.0,2,0,1,0,0,0,1,0,0,0,1,0,0,0,0,0.23804166699999998
11,0.8,11.41,455.0,3420,50,0.0,0,0,56.0,3,1,0,0,0,0,0,0,1,0,0,0,1,0,0,0.8007017540000001
10,0.75,2.9,,960,0,0.0,0,0,8.0,1,1,0,0,0,0,0,1,0,1,0,0,0,0,0,0.763375
5,0.75,30.1,664.0,7140,56,0.0,0,0,59.0,2,0,1,0,0,0,0,0,1,0,1,0,0,0,0,0.7503921570000001
2,0.8,3.94,,960,0,0.0,0,0,8.0,1,1,0,0,0,0,0,1,0,1,0,0,0,0,0,0.804416667
11,0.7,4.15,,1440,0,0.0,0,0,8.0,1,0,0,1,0,0,0,1,0,1,0,0,0,0,0,0.409545455
12,0.8,11.61,1037.0,7200,50,0.0,0,0,32.0,1,1,0,0,0,0,0,0,1,1,0,0,0,0,0,0.8002460109999999
2,0.7,22.94,1006.0,10170,38,0.0,0,0,56.5,1,0,0,1,0,0,0,0,1,1,0,0,0,0,0,0.750517565
4,0.7,3.94,,960,0,0.0,0,0,8.0,3,1,0,0,0,0,1,0,0,0,0,0,1,0,0,0.812625
7,0.8,25.9,1035.0,10170,38,0.0,0,0,56.5,1,1,0,0,0,0,0,0,1,0,0,0,0,1,0,0.800128721
8,0.6,29.4,179.0,0,23,5.0,30,2,58.0,2,0,0,1,0,0,0,0,1,0,0,0,0,1,0,0.600982906
7,0.7,24.26,1400.0,6720,0,0.0,0,0,56.0,2,1,0,0,0,0,0,0,1,0,0,1,0,0,0,0.411553571
1,0.8,22.52,1445.0,6840,113,0.0,0,0,57.0,2,0,0,1,0,0,0,0,1,0,0,0,0,1,0,1.000230409
11,0.8,11.41,471.0,3420,50,0.0,0,0,58.0,3,1,0,0,0,0,0,0,1,0,1,0,0,0,0,0.800034503
8,0.8,2.9,,1440,0,0.0,0,0,8.0,1,0,0,1,0,0,0,1,0,0,1,0,0,0,0,0.675568182
3,0.8,30.1,735.0,6960,63,0.0,0,1,58.0,3,0,1,0,0,0,0,0,1,0,0,0,0,0,1,0.800071839
1,0.8,26.16,1160.0,10620,75,0.0,0,0,59.0,1,0,0,1,0,0,0,0,1,0,0,0,1,0,0,0.850502311
7,0.7,3.94,,1200,0,0.0,0,0,10.0,1,0,0,0,0,1,0,1,0,0,1,0,0,0,0,0.971866667
10,0.8,3.94,,1200,0,0.0,0,0,10.0,1,0,0,0,0,1,0,1,0,0,0,0,1,0,0,0.85695
7,0.6,30.1,829.0,3360,23,0.0,0,1,58.0,2,0,1,0,0,0,0,0,1,0,0,0,0,0,1,0.6000705129999999
6,0.7,23.41,1128.0,4560,40,0.0,0,1,38.0,3,0,1,0,0,0,0,0,1,0,0,0,0,0,1,0.7002464909999999
2,0.8,28.08,716.0,10350,50,0.0,0,0,57.5,1,1,0,0,0,0,0,0,1,0,0,0,0,1,0,0.800594466
9,0.8,3.94,,960,0,0.0,0,0,8.0,1,1,0,0,0,0,0,1,0,0,0,1,0,0,0,0.9316458329999999
3,0.75,29.4,1244.0,6840,45,0.0,0,2,57.0,2,0,0,0,1,0,0,0,1,0,0,0,1,0,0,0.750473684
11,0.65,11.41,700.0,2640,23,0.0,0,2,53.0,2,0,0,1,0,0,0,0,1,0,0,1,0,0,0,0.650223718
1,0.8,22.52,265.0,3840,63,0.0,0,0,57.0,2,0,0,1,0,0,0,0,1,0,0,0,1,0,0,0.8004705129999999
6,0.8,2.9,,960,0,0.0,0,0,8.0,2,0,0,0,1,0,1,0,0,0,0,1,0,0,0,0.8319375
2,0.8,22.52,1512.0,0,88,0.0,0,0,57.0,2,0,1,0,0,0,0,0,1,0,0,0,0,1,0,0.8999840579999999
10,0.7,21.82,1313.0,5040,30,0.0,0,0,51.0,3,1,0,0,0,0,0,0,1,0,0,0,0,1,0,0.699984417
11,0.8,4.15,,2700,0,0.0,0,0,15.0,1,1,0,0,0,0,0,1,0,0,0,0,0,1,0,0.888686869
7,0.8,30.1,786.0,7080,50,0.0,0,2,59.0,2,0,0,0,1,0,0,0,1,0,0,0,0,0,1,0.8001158190000001
2,0.8,3.94,,3000,0,0.0,0,0,25.0,2,1,0,0,0,0,1,0,0,0,1,0,0,0,0,1.050666667
8,0.7,4.6,,960,0,0.0,0,0,8.0,2,0,0,0,1,0,1,0,0,0,0,0,0,1,0,0.791458333
6,0.75,18.79,895.0,3960,0,0.0,0,0,33.0,2,0,0,1,0,0,0,0,1,1,0,0,0,0,0,0.75065101
9,0.6,18.79,2103.0,5400,0,0.0,0,1,54.0,2,0,0,1,0,0,0,0,1,1,0,0,0,0,0,0.329964879
2,0.8,28.08,757.0,6900,50,0.0,0,0,57.5,1,1,0,0,0,0,0,0,1,1,0,0,0,0,0,0.800076522
2,0.7,3.94,,5100,0,0.0,0,0,17.0,1,0,0,1,0,0,0,1,0,0,0,0,0,0,1,0.912202112
7,0.8,30.1,29.0,7080,50,0.0,0,0,59.0,3,1,0,0,0,0,0,0,1,0,0,0,0,1,0,0.8001158190000001
10,0.7,21.82,1591.0,3240,0,0.0,0,1,52.0,2,0,0,0,1,0,0,0,1,0,0,0,1,0,0,0.700251773
8,0.8,25.9,1434.0,10170,50,0.0,0,0,56.5,1,0,0,1,0,0,0,0,1,0,0,0,0,1,0,0.800128721
7,0.8,2.9,,1440,0,0.0,0,0,8.0,1,0,1,0,0,0,0,1,0,0,0,0,1,0,0,0.681060606
5,0.7,3.94,,240,0,0.0,0,0,2.0,1,0,0,0,0,1,0,1,0,0,1,0,0,0,0,0.971866667
4,0.8,28.08,878.0,4260,50,0.0,0,0,55.5,1,1,0,0,0,0,0,0,1,0,0,1,0,0,0,0.800598058
7,0.7,30.1,881.0,7080,0,0.0,0,1,59.0,2,0,0,1,0,0,0,0,1,0,0,1,0,0,0,0.700632768
1,0.7,3.94,,1800,0,0.0,0,0,10.0,1,0,0,0,1,0,0,1,0,1,0,0,0,0,0,0.9103787879999999
7,0.7,24.26,2698.0,6720,0,0.0,0,0,56.0,2,1,0,0,0,0,0,0,1,1,0,0,0,0,0,0.295307738
1,0.8,3.94,,1440,0,0.0,0,0,8.0,1,1,0,0,0,0,0,1,0,0,0,0,0,0,1,0.951420455
11,0.8,11.61,347.0,0,50,4.0,20,0,57.0,3,1,0,0,0,0,0,0,1,0,0,1,0,0,0,0.6824330359999999
6,0.8,18.79,822.0,4080,0,0.0,0,0,34.0,2,0,1,0,0,0,0,0,1,0,1,0,0,0,0,0.557252451
9,0.8,3.94,,1440,0,0.0,0,0,8.0,1,0,1,0,0,0,0,1,0,0,0,1,0,0,0,0.8581439390000001
2,0.8,22.52,1186.0,6900,113,0.0,0,0,58.0,2,1,0,0,0,0,0,0,1,0,1,0,0,0,0,1.000018551
6,0.5,18.79,717.0,3960,23,0.0,0,0,33.0,1,0,0,0,0,1,0,0,1,0,0,0,1,0,0,0.500117677
2,0.8,3.94,,1440,0,0.0,0,0,8.0,1,0,1,0,0,0,0,1,0,0,0,1,0,0,0,0.8208333329999999
9,0.8,26.16,1196.0,10620,63,0.0,0,0,59.0,1,0,0,1,0,0,0,0,1,1,0,0,0,0,0,0.8001171029999999
10,0.7,21.82,1393.0,5640,30,0.0,0,0,52.0,3,1,0,0,0,0,0,0,1,0,0,1,0,0,0,0.700236601
12,0.8,5.13,,1080,0,0.0,0,0,9.0,2,0,0,1,0,0,1,0,0,0,0,0,0,1,0,0.9025
5,0.5,20.79,1455.0,6960,30,0.0,0,0,58.0,1,0,0,0,1,0,0,0,1,0,0,0,0,1,0,0.500035345
3,0.75,4.15,,1800,0,0.0,0,0,10.0,1,1,0,0,0,0,0,1,0,0,0,0,0,1,0,0.899166667
2,0.5,3.9,,960,0,0.0,0,0,8.0,3,1,0,0,0,0,1,0,0,0,0,0,0,0,1,0.5403125
3,0.8,4.15,,1800,0,0.0,0,0,10.0,1,0,1,0,0,0,0,1,0,1,0,0,0,0,0,0.905454545
5,0.7,4.15,,3840,0,0.0,0,0,8.0,1,0,1,0,0,0,0,1,0,0,0,0,1,0,0,0.8213541670000001
12,0.8,4.6,,3780,0,0.0,0,0,9.0,2,0,0,0,1,0,1,0,0,0,1,0,0,0,0,0.590617284
11,0.75,42.97,532.0,10260,40,0.0,0,0,57.0,1,0,0,0,1,0,0,0,1,0,0,1,0,0,0,0.59114168
6,0.6,2.9,,960,0,0.0,0,0,8.0,3,0,1,0,0,0,1,0,0,0,0,1,0,0,0,0.271875
3,0.8,30.1,964.0,5160,50,0.0,0,1,58.0,3,0,1,0,0,0,0,0,1,1,0,0,0,0,0,0.800842424
3,0.5,5.13,,2880,0,0.0,0,0,12.0,2,0,0,1,0,0,1,0,0,0,0,0,1,0,0,0.81640625
4,0.7,4.3,,5040,0,0.0,0,0,28.0,1,0,0,1,0,0,0,1,0,1,0,0,0,0,0,0.977272727
12,0.8,15.26,1194.0,1700,62,0.0,0,0,34.0,2,0,0,0,1,0,0,0,1,0,1,0,0,0,0,0.800260821
1,0.8,22.52,1374.0,3960,63,0.0,0,0,57.0,2,0,0,1,0,0,0,0,1,0,0,0,0,0,1,0.800279693
7,0.8,25.9,1138.0,6720,38,0.0,0,0,56.0,1,1,0,0,0,0,0,0,1,0,1,0,0,0,0,0.800125
12,0.8,15.26,12261.0,3600,63,0.0,0,0,35.0,2,1,0,0,0,0,0,0,1,1,0,0,0,0,0,0.8004019609999999
1,0.8,28.08,772.0,6300,50,0.0,0,0,56.5,1,1,0,0,0,0,0,0,1,0,1,0,0,0,0,0.800725314
8,0.7,24.26,1363.0,6660,0,0.0,0,0,55.5,2,1,0,0,0,0,0,0,1,0,0,0,0,1,0,0.586465465
3,0.75,29.4,1144.0,4440,45,0.0,0,2,57.0,2,0,0,0,1,0,0,0,1,0,1,0,0,0,0,0.750716981
4,0.6,26.66,692.0,6840,23,0.0,0,0,57.0,3,1,0,0,0,0,0,0,1,0,0,1,0,0,0,0.6002397660000001
5,0.8,30.1,541.0,7140,38,0.0,0,0,59.0,2,0,0,0,1,0,0,0,1,1,0,0,0,0,0,0.800137255
9,0.75,3.94,,1320,0,0.0,0,0,11.0,2,1,0,0,0,0,0,1,0,0,0,0,0,1,0,0.919954545
5,0.5,27.48,609.0,6840,30,0.0,0,1,57.0,2,0,0,0,1,0,0,0,1,0,1,0,0,0,0,0.550403509
4,0.75,3.94,,0,960,0.0,0,0,8.0,3,0,1,0,0,0,1,0,0,1,0,0,0,0,0,0.7953875
2,0.75,19.87,944.0,6600,45,0.0,0,0,55.0,1,1,0,0,0,0,0,0,1,0,1,0,0,0,0,0.75024303
12,0.8,15.26,1094.0,4080,38,0.0,0,0,34.0,2,1,0,0,0,0,0,0,1,0,0,0,0,0,1,0.8004019609999999
3,0.7,30.1,1422.0,6960,50,0.0,0,1,58.0,2,0,0,1,0,0,0,0,1,0,0,0,0,1,0,0.700603448
12,0.8,11.61,1063.0,5670,50,0.0,0,0,31.5,1,0,1,0,0,0,0,0,1,0,0,0,0,1,0,0.8002467529999999
1,0.8,3.94,,1920,0,0.0,0,0,8.0,1,1,0,0,0,0,0,1,0,1,0,0,0,0,0,0.961059028
1,0.8,22.94,1582.0,3060,113,0.0,0,0,58.5,2,1,0,0,0,0,0,0,1,0,0,1,0,0,0,1.000402055
1,0.75,3.94,,1200,0,0.0,0,0,10.0,1,0,0,0,0,1,0,1,0,0,0,0,1,0,0,0.853666667
2,0.8,22.52,1416.0,6840,113,0.0,0,0,57.0,1,0,0,0,0,1,0,0,1,0,0,0,1,0,0,1.000230409
2,0.8,22.52,12.0,6900,0,0.0,0,0,57.5,2,0,0,1,0,0,0,0,1,0,0,1,0,0,0,0.432122899
3,0.8,28.08,913.0,6540,50,0.0,0,0,54.5,1,1,0,0,0,0,0,0,1,0,1,0,0,0,0,0.8003229359999999
7,0.8,2.9,,1440,0,0.0,0,0,8.0,1,1,0,0,0,0,0,1,0,0,0,0,0,0,1,0.804640152
2,0.6,3.9,,960,0,0.0,0,0,8.0,3,1,0,0,0,0,1,0,0,0,0,0,1,0,0,0.950625
4,0.8,50.48,562.0,10440,0,0.0,0,0,58.0,1,0,1,0,0,0,0,0,1,0,0,1,0,0,0,0.473134796
10,0.75,22.52,1250.0,10080,55,0.0,0,0,56.0,1,0,0,0,1,0,0,0,1,1,0,0,0,0,0,0.800020563
7,0.7,4.15,,1440,0,0.0,0,0,12.0,2,0,1,0,0,0,1,0,0,0,0,1,0,0,0,0.928680556
5,0.65,4.15,,1440,0,0.0,0,0,8.0,1,0,0,1,0,0,0,1,0,0,0,0,1,0,0,0.8606534090000001
10,0.75,19.31,578.0,6480,45,0.0,0,0,54.0,1,1,0,0,0,0,0,0,1,0,0,0,1,0,0,0.712205247
6,0.75,18.79,947.0,2880,34,0.0,0,0,33.0,3,1,0,0,0,0,0,0,1,1,0,0,0,0,0,0.750797009
3,0.8,3.94,,960,0,0.0,0,0,8.0,1,0,0,0,0,1,0,1,0,0,1,0,0,0,0,0.971866667
4,0.75,26.82,1104.0,5880,65,0.0,0,0,59.0,3,0,1,0,0,0,0,0,1,0,0,0,0,1,0,0.850084211
8,0.7,29.4,1116.0,6240,0,0.0,0,2,57.0,2,0,0,1,0,0,0,0,1,0,0,0,1,0,0,0.7
8,0.8,2.9,,960,0,0.0,0,0,8.0,1,1,0,0,0,0,0,1,0,1,0,0,0,0,0,0.6645833329999999
10,0.7,21.25,1583.0,6000,0,0.0,0,1,50.0,2,0,0,0,1,0,0,0,1,1,0,0,0,0,0,0.417916667
7,0.8,30.1,834.0,1200,0,4.0,40,0,59.0,3,1,0,0,0,0,0,0,1,0,0,0,1,0,0,0.366053523
10,0.8,22.52,1116.0,6720,93,0.0,0,0,56.0,1,0,0,0,0,1,0,0,1,0,1,0,0,0,0,0.920236905
5,0.35,27.48,413.0,6840,38,0.0,0,1,57.0,2,0,0,0,1,0,0,0,1,0,0,0,1,0,0,0.44996491200000005
8,0.65,15.09,976.0,240,23,0.0,0,0,52.0,1,0,0,0,1,0,0,0,1,0,0,0,0,1,0,0.6503071429999999
2,0.75,3.9,,1920,0,0.0,0,0,8.0,3,0,1,0,0,0,1,0,0,0,0,0,0,0,1,0.8192708329999999
7,0.7,30.1,957.0,7200,0,0.0,0,1,60.0,2,0,1,0,0,0,0,0,1,0,1,0,0,0,0,0.602
12,0.75,15.26,1429.0,3600,45,0.0,0,0,35.0,1,0,0,0,1,0,0,0,1,0,0,0,0,0,1,0.7502833329999999
3,0.8,4.6,,0,1440,0.0,0,0,12.0,3,0,1,0,0,0,1,0,0,1,0,0,0,0,0,0.795416667
12,0.7,4.15,,1080,0,0.0,0,0,9.0,1,0,0,0,1,0,0,1,0,0,0,0,0,1,0,0.823555556
2,0.7,30.33,746.0,6840,0,0.0,0,1,57.0,2,0,0,0,1,0,0,0,1,0,0,1,0,0,0,0.7006052629999999
5,0.8,30.1,450.0,7140,50,0.0,0,0,60.0,2,0,0,0,1,0,0,0,1,0,0,0,0,1,0,0.800137255
10,0.8,3.94,,960,0,0.0,0,0,8.0,2,0,0,1,0,0,1,0,0,0,0,0,0,0,1,0.64025
1,0.8,26.16,1138.0,7080,63,0.0,0,0,59.0,1,1,0,0,0,0,0,0,1,1,0,0,0,0,0,0.8003186440000001
11,0.35,28.08,749.0,10260,23,0.0,0,0,57.0,1,0,0,0,1,0,0,0,1,1,0,0,0,0,0,0.350066986
11,0.8,31.83,568.0,9900,40,0.0,0,0,55.0,1,1,0,0,0,0,0,0,1,0,0,0,0,0,1,0.412119835
2,0.7,3.9,,960,0,0.0,0,0,8.0,3,0,1,0,0,0,1,0,0,0,0,0,0,1,0,0.741
10,0.8,3.94,,2400,0,0.0,0,0,10.0,2,0,0,1,0,0,1,0,0,0,0,0,1,0,0,0.7332777779999999
12,0.8,15.26,1103.0,4080,63,0.0,0,0,34.0,2,0,0,0,1,0,0,0,1,0,0,1,0,0,0,0.8004019609999999
6,0.8,11.41,887.0,5490,50,0.0,0,0,30.5,1,0,1,0,0,0,0,0,1,0,1,0,0,0,0,0.8003437659999999
6,0.75,2.9,,960,0,0.0,0,0,8.0,2,0,0,0,1,0,1,0,0,0,0,0,0,0,1,0.41083333299999997
5,0.8,30.1,450.0,5700,0,4.5,25,0,60.0,2,0,0,0,1,0,0,0,1,0,0,1,0,0,0,0.307501459
10,0.7,22.52,1002.0,10080,40,0.0,0,0,56.0,1,0,0,1,0,0,0,0,1,0,0,1,0,0,0,0.7000941559999999
5,0.7,4.15,,2400,0,0.0,0,0,8.0,1,0,0,1,0,0,0,1,0,0,0,0,0,0,1,0.758173077
10,0.7,21.82,1251.0,6000,30,0.0,0,0,50.0,3,1,0,0,0,0,0,0,1,0,1,0,0,0,0,0.700422
9,0.75,2.9,,960,0,0.0,0,0,8.0,3,1,0,0,0,0,1,0,0,0,0,0,1,0,0,0.453125
5,0.7,42.41,724.0,10260,0,0.0,0,0,57.0,1,0,1,0,0,0,0,0,1,0,0,0,1,0,0,0.23370547600000002
11,0.8,11.41,313.0,3420,50,0.0,0,0,58.0,3,0,1,0,0,0,0,0,1,0,0,1,0,0,0,0.800034503
12,0.8,15.26,959.0,4080,50,0.0,0,0,34.0,3,1,0,0,0,0,0,0,1,0,0,0,1,0,0,0.8004019609999999
5,0.8,30.1,461.0,0,0,0.0,0,0,59.0,2,0,0,1,0,0,0,0,1,1,0,0,0,0,0,0.800980392
2,0.8,22.52,1557.0,0,90,0.0,0,0,57.5,2,0,1,0,0,0,0,0,1,0,0,0,0,0,1,1.000344928
11,0.8,4.15,,1440,0,0.0,0,0,8.0,1,0,1,0,0,0,0,1,0,0,0,0,0,1,0,0.601278409
11,0.75,2.9,,5640,0,0.0,0,0,17.0,1,1,0,0,0,0,0,1,0,0,1,0,0,0,0,0.987880435
8,0.65,4.15,,960,0,0.0,0,0,8.0,1,0,0,0,1,0,0,1,0,0,0,0,0,0,1,0.553333333
7,0.7,3.94,,1200,0,0.0,0,0,10.0,2,1,0,0,0,0,1,0,0,0,1,0,0,0,0,0.715766667
12,0.8,4.6,,1080,0,0.0,0,0,9.0,3,0,1,0,0,0,1,0,0,0,0,0,0,1,0,0.92
11,0.8,11.41,338.0,3420,50,0.0,0,0,58.0,3,0,1,0,0,0,0,0,1,0,0,0,0,1,0,0.800034503
2,0.65,3.9,,1920,0,0.0,0,0,8.0,3,1,0,0,0,0,1,0,0,0,1,0,0,0,0,0.528125
1,0.35,26.66,1164.0,6600,23,0.0,0,2,55.0,2,0,0,0,1,0,0,0,1,0,0,0,1,0,0,0.378895152
9,0.8,26.16,1093.0,10620,75,0.0,0,0,59.0,1,0,1,0,0,0,0,0,1,1,0,0,0,0,0,0.850502311
12,0.8,15.26,1132.0,4080,63,0.0,0,0,34.0,3,0,1,0,0,0,0,0,1,1,0,0,0,0,0,0.8004019609999999
4,0.8,3.94,,12600,0,0.0,0,0,20.0,1,0,1,0,0,0,0,1,0,0,0,0,1,0,0,0.919905405
5,0.7,20.79,1297.0,10440,0,0.0,0,0,58.0,1,0,1,0,0,0,0,0,1,0,0,0,0,1,0,0.526810345
2,0.8,3.94,,2160,0,0.0,0,0,18.0,2,0,1,0,0,0,1,0,0,1,0,0,0,0,0,1.057962963
9,0.8,3.94,,960,0,0.0,0,0,8.0,2,0,1,0,0,0,1,0,0,0,0,0,1,0,0,0.656666667
5,0.7,30.1,687.0,7500,0,0.0,0,0,59.0,2,1,0,0,0,0,0,0,1,0,1,0,0,0,0,0.545657673
7,0.8,25.9,1150.0,10170,70,0.0,0,0,56.5,1,0,1,0,0,0,0,0,1,0,0,0,0,0,1,0.900144811
5,0.75,4.15,,240,0,0.0,0,0,2.0,2,0,0,1,0,0,1,0,0,0,0,1,0,0,0,0.760833333
12,0.8,15.26,1029.0,2040,50,0.0,0,0,35.0,2,1,0,0,0,0,0,0,1,0,0,0,0,1,0,0.800259023
8,0.65,4.15,,960,0,0.0,0,0,8.0,1,0,0,0,0,1,0,1,0,0,0,0,1,0,0,0.877552083
12,0.8,4.08,,1080,0,0.0,0,0,9.0,2,1,0,0,0,0,1,0,0,0,1,0,0,0,0,0.899111111
9,0.75,18.79,1085.0,6240,56,0.0,0,1,52.0,2,0,0,0,1,0,0,0,1,0,0,0,0,0,1,0.970816667
8,0.7,30.1,7.0,7080,27,2.0,10,2,59.0,2,0,0,1,0,0,0,0,1,1,0,0,0,0,0,0.621971751
9,0.8,3.94,,1440,0,0.0,0,0,8.0,1,1,0,0,0,0,0,1,0,0,0,0,0,1,0,0.8581439390000001
12,0.75,4.08,,1080,0,0.0,0,0,9.0,1,0,0,0,0,1,0,1,0,0,0,0,1,0,0,0.6346666670000001
7,0.8,4.6,,3360,0,0.0,0,0,8.0,3,1,0,0,0,0,1,0,0,0,0,1,0,0,0,0.350416667
10,0.6,22.52,1076.0,10170,23,0.0,0,0,56.5,1,0,0,1,0,0,0,0,1,0,0,0,1,0,0,0.600291767
4,0.75,5.13,,960,0,0.0,0,0,8.0,2,0,0,1,0,0,1,0,0,0,0,0,0,1,0,0.656666667
12,0.8,15.26,1065.0,4080,63,0.0,0,0,34.0,2,0,0,0,1,0,0,0,1,0,0,0,1,0,0,0.8004019609999999
4,0.75,4.3,,2160,0,0.0,0,0,12.0,1,0,0,0,1,0,0,1,0,1,0,0,0,0,0,0.963699495
5,0.65,4.15,,2700,0,0.0,0,0,15.0,1,0,0,1,0,0,0,1,0,0,1,0,0,0,0,0.98719697
3,0.5,22.52,1102.0,10170,30,0.0,0,0,56.5,1,0,0,1,0,0,0,0,1,0,0,0,1,0,0,0.660683293
8,0.7,30.48,923.0,6840,30,0.0,0,1,57.0,3,0,1,0,0,0,0,0,1,0,0,0,0,1,0,0.7005052629999999
4,0.75,26.82,1079.0,7020,65,0.0,0,0,58.0,3,0,1,0,0,0,0,0,1,1,0,0,0,0,0,0.850446154
12,0.8,15.26,1026.0,2880,63,0.0,0,0,34.0,2,0,1,0,0,0,0,0,1,0,0,1,0,0,0,0.8003552079999999
11,0.65,12.52,1004.0,9540,44,0.0,0,0,53.0,1,0,1,0,0,0,0,0,1,1,0,0,0,0,0,0.64998056
11,0.5,2.9,,960,0,0.0,0,0,8.0,1,0,0,0,1,0,0,1,0,0,0,0,0,0,1,0.259375
11,0.7,11.41,653.0,3480,30,0.0,0,2,58.0,2,0,0,1,0,0,0,0,1,0,0,0,1,0,0,0.7005404409999999
2,0.8,3.94,,1800,0,0.0,0,0,15.0,1,0,0,0,1,0,0,1,0,0,0,0,0,0,1,0.902222222
1,0.8,3.94,,1440,0,0.0,0,0,8.0,1,0,1,0,0,0,0,1,0,1,0,0,0,0,0,0.955151515
8,0.7,4.15,,960,0,0.0,0,0,8.0,2,0,0,1,0,0,1,0,0,0,0,1,0,0,0,0.605208333
8,0.35,4.15,,1440,0,0.0,0,0,12.0,2,0,1,0,0,0,1,0,0,0,0,0,0,0,1,0.994375
1,0.8,3.94,,1200,0,0.0,0,0,10.0,2,0,1,0,0,0,1,0,0,0,0,1,0,0,0,0.893066667
12,0.8,4.6,,1800,0,0.0,0,0,15.0,2,0,0,0,1,0,1,0,0,0,0,0,0,0,1,0.8995555559999999
4,0.8,4.3,,1440,0,0.0,0,0,12.0,2,1,0,0,0,0,0,1,0,0,0,1,0,0,0,0.8450694440000001
7,0.7,30.1,784.0,600,30,0.0,0,1,59.0,2,0,0,1,0,0,0,0,1,1,0,0,0,0,0,0.7004598890000001
11,0.75,4.15,,960,0,0.0,0,0,8.0,1,1,0,0,0,0,0,1,0,0,0,1,0,0,0,0.34583333299999997
6,0.8,11.61,1084.0,4950,38,0.0,0,0,31.5,1,0,0,1,0,0,0,0,1,0,0,0,1,0,0,0.80003139
9,0.8,3.94,,1800,0,0.0,0,0,10.0,1,0,0,1,0,0,0,1,0,1,0,0,0,0,0,0.964106061
12,0.8,4.6,,1080,0,0.0,0,0,9.0,3,0,1,0,0,0,1,0,0,0,0,1,0,0,0,0.945555556
2,0.8,22.52,1396.0,6900,113,0.0,0,0,57.5,2,1,0,0,0,0,0,0,1,0,0,1,0,0,0,1.0006713040000002
3,0.75,28.08,795.0,6900,45,0.0,0,0,57.5,1,1,0,0,0,0,0,0,1,0,0,0,1,0,0,0.753683478
7,0.65,22.52,1295.0,10170,26,0.0,0,0,56.5,1,0,0,0,1,0,0,0,1,0,1,0,0,0,0,0.650416734
10,0.75,3.94,,1440,0,0.0,0,0,8.0,1,1,0,0,0,0,0,1,0,0,0,0,0,1,0,0.8096401520000001
1,0.6,26.66,1578.0,6840,38,0.0,0,0,57.0,3,1,0,0,0,0,0,0,1,0,0,1,0,0,0,0.700019883
9,0.8,3.94,,1440,0,0.0,0,0,8.0,1,0,1,0,0,0,0,1,0,0,0,0,0,1,0,0.8581439390000001
2,0.8,3.94,,1440,0,0.0,0,0,8.0,1,0,1,0,0,0,0,1,0,1,0,0,0,0,0,0.880530303
4,0.7,3.94,,960,0,0.0,0,0,8.0,3,1,0,0,0,0,1,0,0,0,1,0,0,0,0,0.664875
4,0.8,22.52,340.0,5460,63,0.0,0,0,56.5,2,1,0,0,0,0,0,0,1,0,0,0,0,1,0,0.800434622
5,0.7,20.4,1404.0,10440,50,0.0,0,0,58.0,1,0,0,1,0,0,0,0,1,0,0,0,0,0,1,0.750344828
6,0.8,2.9,,900,0,0.0,0,0,5.0,1,0,0,1,0,0,0,1,0,0,1,0,0,0,0,0.465757576
10,0.7,2.9,,960,0,0.0,0,0,8.0,3,0,1,0,0,0,1,0,0,0,0,1,0,0,0,0.441041667
11,0.8,4.15,,1260,0,0.0,0,0,7.0,1,0,0,1,0,0,0,1,0,0,1,0,0,0,0,0.313852814
2,0.8,3.94,,1260,0,0.0,0,0,8.0,1,0,1,0,0,0,0,1,0,0,0,0,0,0,1,0.247316017
12,0.8,4.08,,1080,0,0.0,0,0,9.0,2,0,1,0,0,0,1,0,0,0,0,0,1,0,0,0.838666667
8,0.75,4.6,,3360,0,0.0,0,0,8.0,3,1,0,0,0,0,1,0,0,0,0,1,0,0,0,0.8136111109999999
4,0.75,4.3,,2160,0,0.0,0,0,12.0,1,0,0,0,1,0,0,1,0,0,1,0,0,0,0,0.651515152
6,0.75,2.9,,960,0,0.0,0,0,8.0,2,0,1,0,0,0,1,0,0,0,0,1,0,0,0,0.610208333
9,0.7,29.12,1170.0,6960,53,0.0,0,0,58.0,1,0,0,0,0,1,0,0,1,0,0,0,1,0,0,0.850170115
10,0.7,21.82,1576.0,6000,30,0.0,0,0,50.0,3,0,1,0,0,0,0,0,1,1,0,0,0,0,0,0.700422
7,0.8,25.9,1050.0,10170,60,0.0,0,0,56.5,1,0,1,0,0,0,0,0,1,0,0,0,1,0,0,0.850136766
5,0.7,3.94,,1440,0,0.0,0,0,12.0,3,0,1,0,0,0,1,0,0,0,0,0,0,0,1,0.75885
1,0.8,3.94,,1440,0,0.0,0,0,12.0,2,0,1,0,0,0,1,0,0,0,1,0,0,0,0,0.7962083329999999
8,0.5,30.1,1061.0,6960,30,0.0,0,1,58.0,2,0,1,0,0,0,0,0,1,0,0,0,0,1,0,0.39354885100000003
6,0.8,2.9,,1440,0,0.0,0,0,8.0,1,0,1,0,0,0,0,1,0,0,0,1,0,0,0,0.597348485
11,0.6,11.41,1039.0,2280,23,0.0,0,2,55.0,2,0,1,0,0,0,0,0,1,0,1,0,0,0,0,0.600447507
9,0.8,29.12,1073.0,6960,50,0.0,0,0,58.0,2,0,1,0,0,0,0,0,1,1,0,0,0,0,0,0.7999632179999999
2,0.8,22.52,1559.0,6840,90,0.0,0,0,57.0,1,0,0,0,1,0,0,0,1,0,0,0,0,0,1,1.000230409
8,0.7,5.13,,960,0,0.0,0,0,8.0,2,0,0,1,0,0,1,0,0,0,0,0,0,0,1,0.58
3,0.8,19.87,963.0,9900,50,0.0,0,0,55.0,1,1,0,0,0,0,0,0,1,0,0,0,0,1,0,0.8002738290000001
12,0.7,4.08,,1620,0,0.0,0,0,9.0,1,0,0,0,1,0,0,1,0,1,0,0,0,0,0,0.769292929
2,0.8,28.08,737.0,10530,63,0.0,0,0,58.5,1,0,1,0,0,0,0,0,1,1,0,0,0,0,0,0.8
10,0.5,22.4,947.0,3390,23,0.0,0,0,56.5,1,0,1,0,0,0,0,0,1,0,0,0,0,0,1,0.49998033399999997
1,0.8,3.94,,1200,0,0.0,0,0,10.0,2,1,0,0,0,0,1,0,0,0,1,0,0,0,0,0.870083333
10,0.8,3.94,,1200,0,0.0,0,0,10.0,2,1,0,0,0,0,0,1,0,0,0,1,0,0,0,0.8865
8,0.8,2.9,,2400,0,0.0,0,0,8.0,1,0,0,1,0,0,0,1,0,0,0,0,0,0,1,0.594871795
9,0.8,29.12,909.0,6960,50,0.0,0,0,58.0,2,0,1,0,0,0,0,0,1,0,0,1,0,0,0,0.7999632179999999
7,0.7,5.13,,960,0,0.0,0,0,8.0,2,0,0,0,1,0,1,0,0,1,0,0,0,0,0,0.35645833299999996
1,0.8,22.52,1615.0,6780,88,0.0,0,0,56.5,2,0,1,0,0,0,0,0,1,0,0,1,0,0,0,0.900135693
1,0.8,3.94,,1200,0,0.0,0,0,10.0,2,0,1,0,0,0,1,0,0,1,0,0,0,0,0,0.962016667
1,0.5,3.94,,3360,0,0.0,0,0,8.0,2,0,0,0,1,0,1,0,0,0,1,0,0,0,0,0.768847222
8,0.7,38.09,336.0,6240,0,0.0,0,0,52.0,1,0,0,0,1,0,0,0,1,0,0,0,0,0,1,0.46769326899999997
4,0.8,3.94,,3600,0,0.0,0,0,20.0,1,0,1,0,0,0,0,1,0,0,0,1,0,0,0,0.9256439390000001
2,0.8,3.94,,1440,0,0.0,0,0,8.0,1,0,1,0,0,0,0,1,0,0,1,0,0,0,0,0.8171022729999999
11,0.75,10.05,103.0,0,45,0.0,0,0,54.0,2,0,1,0,0,0,0,0,1,1,0,0,0,0,0,0.750648148
7,0.6,23.54,958.0,6600,0,0.0,0,0,55.0,1,0,0,0,1,0,0,0,1,0,0,0,0,0,1,0.285333333
11,0.8,2.9,,2400,0,0.0,0,0,10.0,3,0,1,0,0,0,1,0,0,0,0,0,0,0,1,0.874027778
8,0.8,25.9,1177.0,8970,60,0.0,0,0,56.5,1,0,0,1,0,0,0,0,1,0,0,0,1,0,0,0.8504156279999999
4,0.35,4.3,,2700,0,0.0,0,0,8.0,1,0,1,0,0,0,0,1,0,0,0,0,0,0,1,0.908080808
4,0.8,3.94,,6000,0,0.0,0,0,20.0,1,0,1,0,0,0,0,1,0,0,1,0,0,0,0,0.911589744
4,0.8,22.52,1106.0,6780,60,0.0,0,0,56.5,1,0,0,0,1,0,0,0,1,0,0,0,0,1,0,0.850312684
5,0.8,4.6,,7560,0,0.0,0,0,18.0,2,0,0,0,1,0,1,0,0,0,1,0,0,0,0,0.921604938
6,0.8,11.61,1072.0,5760,50,0.0,0,0,32.0,1,0,0,0,1,0,0,0,1,1,0,0,0,0,0,0.8003863640000001
11,0.8,11.61,1005.0,7080,50,0.0,0,0,29.5,1,1,0,0,0,0,0,0,1,0,1,0,0,0,0,0.8002372879999999
3,0.8,19.87,941.0,9900,0,0.0,0,0,55.0,1,0,1,0,0,0,0,0,1,1,0,0,0,0,0,0.8002738290000001
1,0.75,3.94,,0,960,0.0,0,0,8.0,3,0,1,0,0,0,1,0,0,1,0,0,0,0,0,0.794566667
11,0.65,3.94,,600,0,0.0,0,0,5.0,1,0,0,0,0,1,0,1,0,0,1,0,0,0,0,0.971866667
10,0.75,3.94,,3780,0,0.0,0,0,21.0,1,0,0,0,1,0,0,1,0,1,0,0,0,0,0,0.997792208
7,0.7,24.26,148.0,6960,0,0.0,0,0,58.0,2,0,1,0,0,0,0,0,1,0,0,1,0,0,0,0.35553448299999996
2,0.7,16.1,957.0,5400,40,0.0,0,1,45.0,3,0,1,0,0,0,0,0,1,0,0,0,0,1,0,0.700051852
5,0.65,27.48,544.0,6720,34,0.0,0,0,56.0,3,1,0,0,0,0,0,0,1,1,0,0,0,0,0,0.7009035709999999
6,0.75,2.9,,960,0,0.0,0,0,8.0,2,0,1,0,0,0,1,0,0,0,0,0,0,1,0,0.6283333329999999
6,0.8,11.61,916.0,5760,75,0.0,0,0,89.0,1,0,0,1,0,0,0,0,1,0,0,0,0,0,1,0.850410511
1,0.75,22.94,1871.0,6960,55,0.0,0,0,58.0,1,0,0,0,1,0,0,0,1,0,0,0,0,1,0,0.800263218
3,0.8,22.52,1063.0,6840,100,0.0,0,0,57.0,2,1,0,0,0,0,0,0,1,0,0,0,1,0,0,0.950185965
4,0.75,30.1,481.0,7140,0,0.0,0,1,59.0,2,0,1,0,0,0,0,0,1,0,1,0,0,0,0,0.7503921570000001
9,0.75,18.79,290.0,5040,45,0.0,0,0,52.0,3,0,1,0,0,0,0,0,1,0,0,0,0,0,1,0.750347333
10,0.8,22.52,1142.0,6720,88,0.0,0,0,56.0,2,1,0,0,0,0,0,0,1,0,1,0,0,0,0,0.900129762
7,0.8,4.6,,6000,0,0.0,0,0,25.0,3,1,0,0,0,0,1,0,0,0,1,0,0,0,0,0.825444444
10,0.7,4.15,,960,0,0.0,0,0,8.0,1,1,0,0,0,0,0,1,0,0,1,0,0,0,0,0.7018125
7,0.8,3.94,,960,0,0.0,0,0,8.0,1,1,0,0,0,0,0,1,0,1,0,0,0,0,0,0.676666667
3,0.8,4.6,,1800,0,0.0,0,0,15.0,3,1,0,0,0,0,1,0,0,0,0,0,1,0,0,0.810111111
2,0.7,30.33,408.0,1680,30,0.0,0,1,59.0,2,0,0,0,1,0,0,0,1,0,0,0,0,1,0,0.700623
9,0.6,3.94,,1440,0,0.0,0,0,8.0,1,0,0,0,1,0,0,1,0,0,1,0,0,0,0,0.261174242
8,0.8,2.9,,1620,0,0.0,0,0,9.0,1,0,0,0,1,0,0,1,0,0,1,0,0,0,0,0.910521886
8,0.8,2.9,,1440,0,0.0,0,0,8.0,1,0,0,1,0,0,0,1,0,0,0,0,0,1,0,0.639867424
1,0.75,26.82,1322.0,7140,65,0.0,0,0,59.0,3,0,1,0,0,0,0,0,1,1,0,0,0,0,0,0.8504268909999999
7,0.65,3.94,,2520,0,0.0,0,0,14.0,1,0,0,0,1,0,0,1,0,0,0,1,0,0,0,0.749188312
5,0.7,50.89,282.0,5880,56,0.0,0,0,59.0,1,0,0,0,0,1,0,0,1,0,1,0,0,0,0,0.656763743
2,0.75,3.94,,1440,0,0.0,0,0,8.0,1,0,0,0,1,0,0,1,0,0,1,0,0,0,0,0.578314394
12,0.8,4.08,,1080,0,0.0,0,0,9.0,2,0,1,0,0,0,1,0,0,0,0,0,0,0,1,1.02
9,0.75,18.79,1239.0,5640,45,0.0,0,0,52.0,3,0,1,0,0,0,0,0,1,0,0,1,0,0,0,0.750371895
6,0.6,2.9,,1200,0,0.0,0,0,10.0,2,1,0,0,0,0,0,1,0,0,0,1,0,0,0,0.314166667
8,0.8,26.16,1108.0,7080,98,0.0,0,0,59.0,1,1,0,0,0,0,0,0,1,0,0,0,1,0,0,0.940725424
9,0.8,3.94,,960,0,0.0,0,0,8.0,2,1,0,0,0,0,1,0,0,0,1,0,0,0,0,0.7715833329999999
4,0.35,4.3,,3240,0,0.0,0,0,18.0,1,0,1,0,0,0,0,1,0,1,0,0,0,0,0,0.942213805
12,0.8,11.61,548.0,15120,63,0.0,0,0,31.5,1,0,1,0,0,0,0,0,1,0,0,0,1,0,0,0.800107143
10,0.7,21.82,1334.0,5760,30,0.0,0,0,53.0,3,1,0,0,0,0,0,0,1,0,0,0,0,0,1,0.700058333
11,0.7,27.13,530.0,9540,37,0.0,0,0,53.0,1,0,1,0,0,0,0,0,1,0,0,0,0,1,0,0.582301029
6,0.8,11.41,1140.0,5490,63,0.0,0,0,30.5,1,0,0,1,0,0,0,0,1,0,0,1,0,0,0,0.8003437659999999
1,0.8,3.94,,1200,0,0.0,0,0,10.0,2,1,0,0,0,0,1,0,0,0,0,0,0,0,1,0.929183333
9,0.75,2.9,,1800,0,0.0,0,0,15.0,3,0,1,0,0,0,1,0,0,0,0,0,0,0,1,0.505888889
2,0.8,22.52,1263.0,6900,100,0.0,0,0,57.5,2,1,0,0,0,0,0,0,1,0,0,0,0,0,1,1.05028058
5,0.65,4.15,,1440,0,0.0,0,0,15.0,1,0,1,0,0,0,0,1,0,0,0,0,0,0,1,0.864583333
5,0.75,30.1,855.0,7020,45,0.0,0,0,58.0,2,0,1,0,0,0,0,0,1,0,0,0,0,1,0,0.750356125
1,0.8,3.94,,1440,0,0.0,0,0,8.0,1,0,1,0,0,0,0,1,0,0,0,0,1,0,0,0.9476893940000001
7,0.8,48.84,1040.0,10260,30,0.0,0,0,57.0,1,0,0,1,0,0,0,0,1,1,0,0,0,0,0,0.576460393
9,0.75,2.9,,960,0,0.0,0,0,8.0,2,0,0,0,1,0,1,0,0,0,1,0,0,0,0,0.4078125
11,0.75,19.31,513.0,6480,45,0.0,0,0,54.0,1,1,0,0,0,0,0,0,1,0,0,1,0,0,0,0.7503484570000001
4,0.7,22.52,882.0,10170,50,0.0,0,0,56.5,1,0,0,1,0,0,0,0,1,0,0,1,0,0,0,0.7005416999999999
7,0.7,3.94,,960,0,0.0,0,0,8.0,2,1,0,0,0,0,1,0,0,0,0,0,0,0,1,0.779791667
7,0.8,30.1,934.0,6960,0,3.5,15,0,58.0,3,1,0,0,0,0,0,0,1,0,0,1,0,0,0,0.579511494
3,0.8,4.6,,1440,0,0.0,0,0,12.0,2,0,0,0,1,0,1,0,0,0,0,0,0,1,0,0.8113888890000001
4,0.8,30.1,922.0,5820,63,0.0,0,1,59.0,2,0,0,0,1,0,0,0,1,0,0,1,0,0,0,0.80000295
5,0.7,20.4,1480.0,10440,40,0.0,0,0,58.0,1,0,0,0,1,0,0,0,1,0,0,0,1,0,0,0.7002507840000001
3,0.8,22.52,1124.0,6840,100,0.0,0,0,57.0,2,1,0,0,0,0,0,0,1,0,0,1,0,0,0,0.950185965
4,0.8,22.52,1444.0,6900,88,0.0,0,0,57.5,1,0,0,0,0,1,0,0,1,0,0,0,1,0,0,0.9008
1,0.8,26.16,1335.0,10620,63,0.0,0,0,59.0,1,0,1,0,0,0,0,0,1,0,1,0,0,0,0,0.8001171029999999
8,0.7,4.15,,960,0,0.0,0,0,8.0,2,0,1,0,0,0,1,0,0,0,1,0,0,0,0,0.725625
12,0.8,15.26,1095.0,4080,63,0.0,0,0,34.0,2,0,0,1,0,0,0,0,1,0,0,0,0,0,1,0.8004019609999999
10,0.7,21.25,1531.0,6000,0,0.0,0,1,50.0,2,0,0,0,1,0,0,0,1,0,0,1,0,0,0,0.456875
11,0.75,19.31,590.0,9900,45,0.0,0,0,55.0,1,1,0,0,0,0,0,0,1,0,0,0,0,1,0,0.7500578509999999
3,0.7,30.1,1041.0,8160,33,0.0,0,2,58.0,2,0,0,0,1,0,0,0,1,0,0,1,0,0,0,0.6265777779999999
2,0.8,22.52,1300.0,6780,113,0.0,0,0,56.5,2,1,0,0,0,0,0,0,1,0,0,0,1,0,0,1.0004460179999999
3,0.75,3.94,,1440,0,0.0,0,0,8.0,1,0,0,0,1,0,0,1,0,0,1,0,0,0,0,0.895454545
6,0.75,18.79,1003.0,3960,45,0.0,0,1,33.0,2,0,0,0,1,0,0,0,1,0,0,0,0,0,1,0.75065101
8,0.65,4.15,,960,0,0.0,0,0,8.0,2,1,0,0,0,0,0,1,0,0,0,1,0,0,0,1.0115625
10,0.8,22.52,1175.0,6720,60,0.0,0,0,56.0,1,0,0,0,1,0,0,0,1,0,0,0,0,0,1,0.850532143
3,0.8,30.1,1278.0,3360,50,0.0,0,1,57.0,3,0,1,0,0,0,0,0,1,0,0,1,0,0,0,0.8005110679999999
9,0.8,3.94,,960,0,0.0,0,0,8.0,2,0,1,0,0,0,1,0,0,0,0,0,0,0,1,0.54175
2,0.4,3.9,,6300,0,0.0,0,0,15.0,3,1,0,0,0,0,1,0,0,0,0,0,0,1,0,0.567377778
12,0.8,4.6,,1080,0,0.0,0,0,9.0,3,1,0,0,0,0,1,0,0,0,0,0,0,0,1,0.885925926
11,0.5,12.52,749.0,9540,38,0.0,0,0,53.0,1,0,1,0,0,0,0,0,1,0,1,0,0,0,0,0.673245283
2,0.8,5.13,,960,0,0.0,0,0,8.0,2,0,0,0,1,0,1,0,0,1,0,0,0,0,0,0.36871875
9,0.8,3.94,,1440,0,0.0,0,0,8.0,1,0,1,0,0,0,0,1,0,0,0,0,0,0,1,0.8581439390000001
11,0.8,11.41,601.0,0,50,0.0,0,0,56.0,3,1,0,0,0,0,0,0,1,0,0,0,0,1,0,0.8007017540000001
9,0.7,18.79,1068.0,3000,30,0.0,0,1,52.0,2,0,0,0,1,0,0,0,1,0,0,0,0,1,0,0.700256795
9,0.8,54.56,757.0,4140,29,0.0,0,0,58.0,1,0,0,1,0,0,0,0,1,0,0,0,0,0,1,0.520237649
9,0.75,2.9,,0,3600,0.0,0,0,15.0,3,0,1,0,0,0,1,0,0,1,0,0,0,0,0,0.841
10,0.7,21.82,1448.0,6120,40,0.0,0,1,51.0,2,0,0,0,1,0,0,0,1,0,1,0,0,0,0,0.700236601
3,0.75,29.4,1172.0,5340,45,0.0,0,2,60.0,2,0,0,0,1,0,0,0,1,0,0,0,0,1,0,0.7501769909999999
3,0.8,4.6,,6300,0,0.0,0,0,15.0,3,1,0,0,0,0,1,0,0,0,0,0,0,1,0,0.902962963
3,0.75,4.15,,1560,0,0.0,0,0,8.0,1,1,0,0,0,0,0,1,0,0,0,1,0,0,0,0.9913888890000001
6,0.7,2.9,,720,0,0.0,0,0,6.0,3,0,1,0,0,0,1,0,0,0,0,0,0,0,1,0.394722222
4,0.8,3.94,,3840,0,0.0,0,0,16.0,1,1,0,0,0,0,0,1,0,1,0,0,0,0,0,0.893663194
7,0.7,3.94,,1200,0,0.0,0,0,10.0,2,1,0,0,0,0,1,0,0,0,0,0,1,0,0,0.8471
2,0.8,3.94,,1440,0,0.0,0,0,8.0,1,0,1,0,0,0,0,1,0,0,0,0,1,0,0,0.8357575759999999
3,0.8,22.52,1060.0,6840,100,0.0,0,0,57.0,2,1,0,0,0,0,0,0,1,0,1,0,0,0,0,0.950185965
9,0.7,18.79,1587.0,4560,30,0.0,0,1,51.0,2,0,0,1,0,0,0,0,1,0,0,0,0,0,1,0.70009573
11,0.8,4.15,,900,0,0.0,0,0,5.0,1,0,1,0,0,0,0,1,0,0,0,0,1,0,0,0.5156060610000001
10,0.8,3.94,,960,0,0.0,0,0,8.0,2,0,0,0,1,0,1,0,0,0,0,1,0,0,0,0.385791667
8,0.8,25.9,1233.0,10170,60,0.0,0,0,56.5,1,0,1,0,0,0,0,0,1,1,0,0,0,0,0,0.850136766
11,0.7,14.89,1735.0,10260,50,0.0,0,0,57.0,1,0,0,1,0,0,0,0,1,0,0,0,0,0,1,0.700170388
11,0.7,11.41,680.0,2160,30,0.0,0,2,54.0,2,0,0,1,0,0,0,0,1,1,0,0,0,0,0,0.5659722220000001
4,0.7,4.15,,1800,0,0.0,0,0,15.0,2,0,1,0,0,0,1,0,0,0,0,0,1,0,0,1.096633333
9,0.8,29.12,829.0,6960,50,0.0,0,0,58.0,2,1,0,0,0,0,0,0,1,0,1,0,0,0,0,0.7999632179999999
3,0.8,22.52,813.0,0,88,0.0,0,0,57.0,2,0,1,0,0,0,0,0,1,0,0,0,0,1,0,0.90047076
10,0.75,22.52,1413.0,10080,69,0.0,0,0,56.0,1,0,0,0,1,0,0,0,1,0,0,1,0,0,0,0.800020563
9,0.8,29.12,14.0,6960,0,0.0,0,0,58.0,2,0,1,0,0,0,0,0,1,0,0,0,1,0,0,0.497885057
9,0.75,29.12,1070.0,6960,34,0.0,0,0,58.0,2,1,0,0,0,0,0,0,1,0,0,0,0,1,0,0.7505931029999999
4,0.8,30.1,891.0,7140,38,0.0,0,1,59.0,2,0,0,0,1,0,0,0,1,1,0,0,0,0,0,0.800137255
10,0.8,22.52,1088.0,6720,88,0.0,0,0,56.0,1,0,0,0,0,1,0,0,1,0,0,0,1,0,0,0.900129762
4,0.8,4.3,,1440,0,0.0,0,0,12.0,1,0,0,0,1,0,0,1,0,0,0,0,0,0,1,0.7226388890000001
